,district,students_in_grade_12_19,act_test_takers_19,act_read_19,act_eng_19,act_math_19,act_sci_19,act_comp_over_21_19,act_19_participation,students_in_grade_12_20,act_test_takers_20,act_eng_20,act_read_20,act_math_20,act_sci_20,act_comp_over_21_20,act_20_participation
0,Alameda County Office of Education,170.0,0.0,,,,,,0.0,216,0,,,,,,0.0
1,Alameda Unified,919.0,155.0,27.0,26.0,26.0,25.0,0.86,0.16866158868335146,928,103,26.0,26.0,25.0,25.0,0.84,0.11099137931034483
2,Albany City Unified,307.0,58.0,28.0,27.0,27.0,26.0,0.88,0.18892508143322476,258,29,28.0,29.0,26.0,26.0,0.93,0.1124031007751938
3,Berkeley Unified,820.0,227.0,26.0,25.0,25.0,24.0,0.73,0.27682926829268295,825,183,25.0,26.0,24.0,25.0,0.72,0.22181818181818183
4,Castro Valley Unified,737.0,106.0,26.0,25.0,25.0,25.0,0.77,0.14382632293080055,781,99,25.0,26.0,25.0,25.0,0.83,0.1267605633802817
5,Emery Unified,40.0,0.0,,,,,,0.0,57,4,,,,,,0.07017543859649122
6,Fremont Unified,2537.0,511.0,29.0,30.0,30.0,29.0,0.93,0.20141899881750097,2608,471,31.0,30.0,30.0,29.0,0.93,0.18059815950920247
7,Hayward Unified,1601.0,256.0,19.0,19.0,19.0,19.0,0.36,0.1599000624609619,1699,225,19.0,20.0,19.0,20.0,0.4,0.13243084167157151
8,Livermore Valley Joint Unified,1128.0,249.0,26.0,25.0,25.0,25.0,0.81,0.22074468085106383,1148,173,25.0,26.0,26.0,25.0,0.85,0.15069686411149827
9,Newark Unified,460.0,31.0,22.0,22.0,22.0,22.0,0.71,0.06739130434782609,462,29,24.0,24.0,23.0,23.0,0.69,0.06277056277056277
10,New Haven Unified,1043.0,132.0,24.0,23.0,24.0,24.0,0.68,0.12655800575263662,1057,114,24.0,25.0,25.0,24.0,0.76,0.10785241248817408
11,Oakland Unified,3663.0,809.0,19.0,18.0,19.0,19.0,0.34,0.22085722085722087,3663,762,17.0,18.0,18.0,18.0,0.27,0.20802620802620803
12,Piedmont City Unified,231.0,116.0,30.0,31.0,29.0,29.0,0.95,0.5021645021645021,210,99,30.0,30.0,28.0,29.0,0.95,0.4714285714285714
13,San Leandro Unified,754.0,78.0,22.0,21.0,21.0,22.0,0.56,0.10344827586206896,727,64,20.0,22.0,20.0,21.0,0.48,0.08803301237964237
14,San Lorenzo Unified,1099.0,189.0,21.0,21.0,21.0,21.0,0.49,0.17197452229299362,1014,196,21.0,21.0,21.0,21.0,0.51,0.1932938856015779
15,Dublin Unified,695.0,216.0,28.0,28.0,28.0,27.0,0.87,0.3107913669064748,789,203,27.0,27.0,27.0,27.0,0.84,0.2572877059569075
16,Pleasanton Unified,1251.0,476.0,29.0,29.0,28.0,28.0,0.91,0.38049560351718625,1279,411,29.0,29.0,28.0,28.0,0.92,0.32134480062548865
17,Amador County Office of Education,15.0,0.0,,,,,,0.0,31,0,,,,,,0.0
18,Amador County Unified,290.0,37.0,24.0,23.0,23.0,22.0,0.78,0.12758620689655173,319,35,22.0,24.0,22.0,23.0,0.69,0.109717868338558
19,Butte County Office of Education,207.0,10.0,,,,,,0.04830917874396135,187,0,,,,,,0.0
20,Biggs Unified,57.0,5.0,,,,,,0.08771929824561403,47,1,,,,,,0.02127659574468085
21,Chico Unified,1175.0,137.0,24.0,23.0,24.0,24.0,0.72,0.11659574468085106,1135,76,26.0,27.0,27.0,25.0,0.83,0.06696035242290749
22,Durham Unified,72.0,3.0,,,,,,0.041666666666666664,72,6,,,,,,0.08333333333333333
23,Oroville Union High,521.0,33.0,21.0,19.0,20.0,20.0,0.39,0.06333973128598848,517,14,,,,,,0.027079303675048357
24,Paradise Unified,328.0,23.0,23.0,21.0,24.0,23.0,0.74,0.0701219512195122,212,7,,,,,,0.0330188679245283
25,Gridley Unified,175.0,15.0,22.0,22.0,24.0,22.0,0.6,0.08571428571428572,165,21,21.0,23.0,22.0,21.0,0.62,0.12727272727272726
26,Calaveras County Office of Education,65.0,0.0,,,,,,0.0,65,0,,,,,,0.0
27,Bret Harte Union High,170.0,12.0,,,,,,0.07058823529411765,155,8,,,,,,0.05161290322580645
28,Calaveras Unified,216.0,19.0,25.0,22.0,24.0,23.0,0.84,0.08796296296296297,212,18,23.0,23.0,23.0,23.0,0.78,0.08490566037735849
29,Colusa Unified,109.0,5.0,,,,,,0.045871559633027525,120,8,,,,,,0.06666666666666667
30,Maxwell Unified,29.0,0.0,,,,,,0.0,26,0,,,,,,0.0
31,Pierce Joint Unified,107.0,16.0,19.0,17.0,19.0,19.0,0.31,0.14953271028037382,107,13,,,,,,0.12149532710280374
32,Williams Unified,87.0,5.0,,,,,,0.05747126436781609,97,2,,,,,,0.020618556701030927
33,Contra Costa County Office of Education,771.0,153.0,24.0,23.0,23.0,23.0,0.7,0.19844357976653695,899,102,18.0,19.0,18.0,18.0,0.31,0.11345939933259176
34,Acalanes Union High,1408.0,539.0,29.0,28.0,27.0,27.0,0.9,0.3828125,1385,504,28.0,29.0,27.0,27.0,0.91,0.36389891696750903
35,Antioch Unified,1543.0,117.0,22.0,20.0,20.0,20.0,0.42,0.07582631237848347,1410,66,21.0,22.0,20.0,21.0,0.5,0.04680851063829787
36,Byron Union Elementary,104.0,5.0,,,,,,0.04807692307692308,77,0,,,,,,0.0
37,John Swett Unified,123.0,13.0,,,,,,0.10569105691056911,148,12,,,,,,0.08108108108108109
38,Liberty Union High,2138.0,284.0,24.0,23.0,22.0,23.0,0.64,0.13283442469597756,2090,245,22.0,24.0,22.0,22.0,0.68,0.11722488038277512
39,Martinez Unified,349.0,42.0,25.0,23.0,24.0,23.0,0.74,0.12034383954154727,315,28,24.0,25.0,24.0,24.0,0.86,0.08888888888888889
40,Mt. Diablo Unified,2145.0,323.0,25.0,25.0,25.0,24.0,0.75,0.15058275058275059,2260,290,24.0,25.0,24.0,24.0,0.71,0.12831858407079647
41,Pittsburg Unified,840.0,155.0,19.0,19.0,19.0,19.0,0.29,0.18452380952380953,938,137,19.0,20.0,19.0,20.0,0.38,0.1460554371002132
42,West Contra Costa Unified,2520.0,475.0,19.0,18.0,18.0,18.0,0.27,0.1884920634920635,2579,422,19.0,20.0,19.0,19.0,0.35,0.16362931368747577
43,San Ramon Valley Unified,2652.0,1077.0,28.0,28.0,27.0,27.0,0.9,0.4061085972850679,2748,962,28.0,28.0,28.0,27.0,0.91,0.3500727802037846
44,Del Norte County Office of Education,117.0,0.0,,,,,,0.0,100,0,,,,,,0.0
45,Del Norte County Unified,246.0,5.0,,,,,,0.02032520325203252,244,32,20.0,21.0,21.0,21.0,0.53,0.13114754098360656
46,El Dorado County Office of Education,225.0,2.0,,,,,,0.008888888888888889,195,0,,,,,,0.0
47,Buckeye Union Elementary,25.0,0.0,,,,,,0.0,49,0,,,,,,0.0
48,El Dorado Union High,1609.0,403.0,25.0,25.0,25.0,24.0,0.8,0.2504661280298322,1653,364,25.0,25.0,25.0,25.0,0.77,0.22020568663036902
49,Lake Tahoe Unified,275.0,54.0,23.0,22.0,22.0,22.0,0.59,0.19636363636363635,276,51,22.0,24.0,22.0,23.0,0.67,0.18478260869565216
50,Black Oak Mine Unified,92.0,6.0,,,,,,0.06521739130434782,89,3,,,,,,0.033707865168539325
51,Fresno County Office of Education,359.0,8.0,,,,,,0.022284122562674095,302,0,,,,,,0.0
52,Clovis Unified,3305.0,479.0,25.0,24.0,24.0,24.0,0.75,0.1449319213313162,3313,417,24.0,26.0,25.0,25.0,0.79,0.12586779354059766
53,Coalinga-Huron Unified,288.0,5.0,,,,,,0.017361111111111112,304,5,,,,,,0.01644736842105263
54,Fowler Unified,211.0,10.0,,,,,,0.04739336492890995,169,4,,,,,,0.023668639053254437
55,Fresno Unified,4593.0,574.0,20.0,19.0,19.0,19.0,0.35,0.12497278467232746,4948,458,20.0,21.0,20.0,20.0,0.47,0.0925626515763945
56,Kingsburg Joint Union High,276.0,41.0,23.0,21.0,22.0,21.0,0.63,0.14855072463768115,275,34,23.0,24.0,24.0,24.0,0.71,0.12363636363636364
57,Kings Canyon Joint Unified,619.0,169.0,19.0,17.0,18.0,18.0,0.2,0.2730210016155089,762,205,17.0,19.0,18.0,19.0,0.25,0.2690288713910761
58,Laton Joint Unified,47.0,8.0,,,,,,0.1702127659574468,45,8,,,,,,0.17777777777777778
59,Orange Center,50.0,1.0,,,,,,0.02,68,0,,,,,,0.0
60,Parlier Unified,232.0,33.0,18.0,16.0,18.0,18.0,0.24,0.14224137931034483,253,38,15.0,18.0,17.0,18.0,0.18,0.15019762845849802
61,Raisin City Elementary,39.0,0.0,,,,,,0.0,20,0,,,,,,0.0
62,Sanger Unified,850.0,62.0,21.0,19.0,20.0,21.0,0.44,0.07294117647058823,857,71,18.0,20.0,20.0,20.0,0.41,0.08284714119019837
63,Selma Unified,499.0,12.0,,,,,,0.02404809619238477,472,32,19.0,20.0,20.0,19.0,0.44,0.06779661016949153
64,West Park Elementary,69.0,0.0,,,,,,0.0,68,0,,,,,,0.0
65,Westside Elementary,96.0,3.0,,,,,,0.03125,123,1,,,,,,0.008130081300813009
66,Firebaugh-Las Deltas Unified,170.0,31.0,16.0,15.0,16.0,17.0,0.1,0.18235294117647058,162,36,17.0,19.0,16.0,18.0,0.17,0.2222222222222222
67,Central Unified,1096.0,37.0,22.0,21.0,20.0,22.0,0.54,0.03375912408759124,1118,24,17.0,20.0,19.0,20.0,0.42,0.02146690518783542
68,Kerman Unified,416.0,38.0,22.0,21.0,21.0,23.0,0.47,0.09134615384615384,367,42,17.0,18.0,18.0,19.0,0.31,0.11444141689373297
69,Mendota Unified,234.0,82.0,16.0,15.0,17.0,16.0,0.09,0.3504273504273504,185,82,15.0,17.0,17.0,18.0,0.11,0.44324324324324327
70,Golden Plains Unified,125.0,19.0,15.0,14.0,15.0,15.0,0.0,0.152,108,5,,,,,,0.046296296296296294
71,Sierra Unified,103.0,14.0,,,,,,0.13592233009708737,96,9,,,,,,0.09375
72,Riverdale Joint Unified,127.0,50.0,16.0,15.0,18.0,18.0,0.14,0.3937007874015748,138,27,18.0,20.0,19.0,20.0,0.3,0.1956521739130435
73,Caruthers Unified,156.0,8.0,,,,,,0.05128205128205128,163,14,,,,,,0.08588957055214724
74,Washington Unified,339.0,121.0,16.0,15.0,16.0,16.0,0.08,0.35693215339233036,337,144,16.0,18.0,17.0,18.0,0.16,0.42729970326409494
75,Washington Unified,563.0,54.0,21.0,19.0,20.0,20.0,0.43,0.09591474245115453,337,144,16.0,18.0,17.0,18.0,0.16,0.42729970326409494
76,Glenn County Office of Education,91.0,0.0,,,,,,0.0,103,0,,,,,,0.0
77,Princeton Joint Unified,15.0,0.0,,,,,,0.0,15,1,,,,,,0.06666666666666667
78,Willows Unified,123.0,5.0,,,,,,0.04065040650406504,124,9,,,,,,0.07258064516129033
79,Orland Joint Unified,177.0,37.0,23.0,21.0,19.0,21.0,0.46,0.20903954802259886,192,8,,,,,,0.041666666666666664
80,Hamilton Unified,90.0,30.0,18.0,18.0,18.0,19.0,0.23,0.3333333333333333,55,4,,,,,,0.07272727272727272
81,Humboldt County Office of Education,87.0,0.0,,,,,,0.0,100,0,,,,,,0.0
82,Northern Humboldt Union High,424.0,49.0,27.0,26.0,25.0,26.0,0.88,0.11556603773584906,408,32,24.0,26.0,24.0,24.0,0.72,0.0784313725490196
83,Fortuna Union High,274.0,24.0,24.0,22.0,23.0,22.0,0.54,0.08759124087591241,230,8,,,,,,0.034782608695652174
84,Klamath-Trinity Joint Unified,71.0,0.0,,,,,,0.0,76,0,,,,,,0.0
85,South Bay Union Elementary,51.0,0.0,,,,,,0.0,45,0,,,,,,0.0
86,Southern Humboldt Joint Unified,51.0,9.0,,,,,,0.17647058823529413,49,3,,,,,,0.061224489795918366
87,Ferndale Unified,34.0,2.0,,,,,,0.058823529411764705,36,2,,,,,,0.05555555555555555
88,Eureka City Schools,347.0,23.0,24.0,22.0,23.0,22.0,0.7,0.06628242074927954,310,13,,,,,,0.041935483870967745
89,Imperial County Office of Education,290.0,0.0,,,,,,0.0,340,0,,,,,,0.0
90,Brawley Union High,471.0,115.0,19.0,18.0,18.0,18.0,0.3,0.24416135881104034,456,119,18.0,20.0,19.0,18.0,0.29,0.26096491228070173
91,Calexico Unified,879.0,90.0,20.0,19.0,21.0,20.0,0.39,0.10238907849829351,816,29,21.0,22.0,23.0,21.0,0.69,0.03553921568627451
92,Calipatria Unified,91.0,19.0,20.0,21.0,19.0,20.0,0.47,0.2087912087912088,84,13,,,,,,0.15476190476190477
93,Central Union High,958.0,172.0,19.0,18.0,19.0,19.0,0.34,0.17954070981210857,958,98,18.0,20.0,20.0,19.0,0.4,0.1022964509394572
94,Holtville Unified,151.0,29.0,20.0,18.0,20.0,19.0,0.31,0.19205298013245034,130,9,,,,,,0.06923076923076923
95,Imperial Unified,279.0,65.0,23.0,22.0,21.0,22.0,0.54,0.23297491039426524,279,41,22.0,23.0,23.0,23.0,0.73,0.14695340501792115
96,San Pasqual Valley Unified,49.0,6.0,,,,,,0.12244897959183673,58,11,,,,,,0.1896551724137931
97,Inyo County Office of Education,361.0,0.0,,,,,,0.0,330,0,,,,,,0.0
98,Lone Pine Unified,16.0,1.0,,,,,,0.0625,18,0,,,,,,0.0
99,Bishop Unified,158.0,27.0,23.0,22.0,22.0,22.0,0.7,0.17088607594936708,154,17,23.0,26.0,23.0,24.0,0.88,0.11038961038961038
100,Kern County Office of Education,582.0,126.0,18.0,18.0,18.0,18.0,0.28,0.21649484536082475,389,0,,,,,,0.0
101,Delano Joint Union High,1004.0,194.0,19.0,18.0,20.0,19.0,0.36,0.19322709163346613,1022,185,18.0,20.0,20.0,18.0,0.35,0.18101761252446183
102,Kern High,10175.0,741.0,22.0,20.0,21.0,21.0,0.49,0.07282555282555282,10529,631,20.0,22.0,21.0,21.0,0.51,0.05992971792192991
103,Maricopa Unified,358.0,0.0,,,,,,0.0,677,0,,,,,,0.0
104,Mojave Unified,143.0,31.0,17.0,14.0,16.0,16.0,0.1,0.21678321678321677,166,26,17.0,19.0,17.0,18.0,0.31,0.1566265060240964
105,Muroc Joint Unified,123.0,8.0,,,,,,0.06504065040650407,102,5,,,,,,0.049019607843137254
106,Southern Kern Unified,234.0,6.0,,,,,,0.02564102564102564,244,0,,,,,,0.0
107,Taft Union High,238.0,35.0,21.0,18.0,19.0,19.0,0.31,0.14705882352941177,259,51,18.0,20.0,18.0,18.0,0.33,0.1969111969111969
108,Tehachapi Unified,296.0,14.0,,,,,,0.0472972972972973,304,15,24.0,27.0,24.0,25.0,0.73,0.049342105263157895
109,Wasco Union High,453.0,71.0,19.0,18.0,20.0,20.0,0.34,0.15673289183222958,405,85,19.0,20.0,20.0,20.0,0.33,0.20987654320987653
110,Sierra Sands Unified,353.0,15.0,27.0,26.0,27.0,26.0,0.93,0.042492917847025496,360,3,,,,,,0.008333333333333333
111,McFarland Unified,209.0,16.0,18.0,16.0,19.0,17.0,0.25,0.07655502392344497,238,88,15.0,17.0,18.0,17.0,0.2,0.3697478991596639
112,El Tejon Unified,61.0,0.0,,,,,,0.0,71,0,,,,,,0.0
113,Kings County Office of Education,80.0,0.0,,,,,,0.0,78,0,,,,,,0.0
114,Armona Union Elementary,73.0,1.0,,,,,,0.0136986301369863,78,0,,,,,,0.0
115,Corcoran Joint Unified,187.0,40.0,18.0,17.0,18.0,19.0,0.25,0.21390374331550802,197,30,15.0,17.0,17.0,18.0,0.1,0.15228426395939088
116,Hanford Joint Union High,897.0,45.0,22.0,21.0,20.0,21.0,0.56,0.05016722408026756,900,35,21.0,22.0,23.0,21.0,0.69,0.03888888888888889
117,Kit Carson Union Elementary,75.0,0.0,,,,,,0.0,142,0,,,,,,0.0
118,Lemoore Union High,527.0,84.0,21.0,19.0,19.0,19.0,0.35,0.15939278937381404,504,39,20.0,21.0,21.0,21.0,0.41,0.07738095238095238
119,Reef-Sunset Unified,165.0,112.0,16.0,14.0,15.0,16.0,0.04,0.6787878787878788,124,78,15.0,16.0,16.0,16.0,0.1,0.6290322580645161
120,Kelseyville Unified,129.0,18.0,19.0,19.0,19.0,18.0,0.39,0.13953488372093023,138,2,,,,,,0.014492753623188406
121,Konocti Unified,211.0,16.0,22.0,20.0,18.0,20.0,0.38,0.07582938388625593,230,17,21.0,22.0,19.0,19.0,0.47,0.07391304347826087
122,Lakeport Unified,88.0,2.0,,,,,,0.022727272727272728,103,2,,,,,,0.019417475728155338
123,Middletown Unified,154.0,11.0,,,,,,0.07142857142857142,164,7,,,,,,0.042682926829268296
124,Upper Lake Unified,83.0,18.0,18.0,16.0,17.0,17.0,0.22,0.21686746987951808,69,15,15.0,18.0,15.0,16.0,0.07,0.21739130434782608
125,Lassen Union High,190.0,27.0,22.0,21.0,21.0,21.0,0.56,0.14210526315789473,176,26,19.0,22.0,20.0,21.0,0.38,0.14772727272727273
126,Susanville Elementary,,,,,,,,,25,0,,,,,,0.0
127,Westwood Unified,,,,,,,,,15,1,,,,,,0.06666666666666667
128,Fort Sage Unified,30.0,0.0,,,,,,0.0,35,0,,,,,,0.0
129,Los Angeles County Office of Education,1236.0,245.0,20.0,19.0,19.0,19.0,0.37,0.1982200647249191,1032,0,,,,,,0.0
130,ABC Unified,1663.0,216.0,26.0,26.0,26.0,25.0,0.8,0.12988574864702346,1687,189,27.0,27.0,27.0,26.0,0.84,0.11203319502074689
131,Antelope Valley Union High,5657.0,339.0,21.0,20.0,19.0,20.0,0.44,0.059925755700901535,5585,317,20.0,21.0,19.0,20.0,0.39,0.0567591763652641
132,Arcadia Unified,857.0,192.0,28.0,29.0,28.0,27.0,0.91,0.22403733955659277,823,151,29.0,29.0,29.0,28.0,0.91,0.18347509113001215
133,Azusa Unified,668.0,49.0,19.0,19.0,19.0,20.0,0.35,0.07335329341317365,698,31,19.0,21.0,21.0,20.0,0.45,0.044412607449856735
134,Baldwin Park Unified,1702.0,222.0,20.0,19.0,20.0,19.0,0.4,0.13043478260869565,1738,151,19.0,21.0,20.0,20.0,0.45,0.08688147295742232
135,Bassett Unified,285.0,21.0,23.0,22.0,22.0,22.0,0.57,0.07368421052631578,252,7,,,,,,0.027777777777777776
136,Bellflower Unified,953.0,31.0,25.0,24.0,22.0,23.0,0.74,0.03252885624344176,998,26,20.0,21.0,20.0,21.0,0.42,0.026052104208416832
137,Beverly Hills Unified,424.0,91.0,28.0,29.0,27.0,26.0,0.86,0.21462264150943397,333,57,30.0,30.0,28.0,28.0,1.0,0.17117117117117117
138,Bonita Unified,865.0,157.0,23.0,22.0,22.0,22.0,0.62,0.1815028901734104,868,93,24.0,25.0,24.0,24.0,0.73,0.10714285714285714
139,Burbank Unified,1331.0,176.0,26.0,25.0,25.0,24.0,0.8,0.1322314049586777,1335,131,25.0,26.0,25.0,24.0,0.82,0.09812734082397004
140,Centinela Valley Union High,1875.0,186.0,18.0,17.0,17.0,18.0,0.16,0.0992,1859,233,17.0,19.0,18.0,18.0,0.28,0.1253362022592792
141,Charter Oak Unified,404.0,38.0,22.0,21.0,22.0,22.0,0.66,0.09405940594059406,390,18,21.0,22.0,21.0,23.0,0.67,0.046153846153846156
142,Claremont Unified,616.0,139.0,25.0,24.0,24.0,24.0,0.74,0.22564935064935066,589,134,25.0,26.0,25.0,25.0,0.84,0.22750424448217318
143,Covina-Valley Unified,1066.0,72.0,21.0,20.0,20.0,20.0,0.4,0.0675422138836773,1078,26,21.0,23.0,21.0,21.0,0.58,0.02411873840445269
144,Culver City Unified,556.0,148.0,24.0,24.0,22.0,23.0,0.64,0.26618705035971224,519,91,25.0,25.0,23.0,24.0,0.75,0.17533718689788053
145,Downey Unified,2147.0,135.0,23.0,22.0,23.0,22.0,0.67,0.06287843502561714,2055,108,22.0,23.0,23.0,22.0,0.68,0.052554744525547446
146,Duarte Unified,405.0,59.0,23.0,23.0,21.0,21.0,0.53,0.145679012345679,448,29,25.0,25.0,21.0,23.0,0.66,0.06473214285714286
147,El Monte Union High,2308.0,302.0,21.0,20.0,21.0,20.0,0.47,0.13084922010398614,2171,332,20.0,20.0,21.0,20.0,0.43,0.15292491939198527
148,El Rancho Unified,731.0,218.0,19.0,18.0,19.0,19.0,0.28,0.2982216142270862,689,108,18.0,20.0,19.0,19.0,0.36,0.1567489114658926
149,El Segundo Unified,319.0,109.0,25.0,25.0,24.0,24.0,0.72,0.34169278996865204,298,70,26.0,26.0,26.0,26.0,0.87,0.2348993288590604
150,Glendale Unified,1978.0,221.0,26.0,26.0,26.0,25.0,0.84,0.11172901921132457,2067,159,28.0,28.0,27.0,27.0,0.89,0.07692307692307693
151,Glendora Unified,639.0,79.0,25.0,23.0,24.0,23.0,0.84,0.12363067292644757,612,63,26.0,26.0,27.0,25.0,0.87,0.10294117647058823
152,Gorman Joint,113.0,10.0,,,,,,0.08849557522123894,106,3,,,,,,0.02830188679245283
153,Hawthorne,112.0,112.0,20.0,20.0,21.0,19.0,0.44,1.0,124,118,21.0,22.0,22.0,20.0,0.54,0.9516129032258065
154,Inglewood Unified,695.0,227.0,17.0,16.0,17.0,17.0,0.16,0.32661870503597124,666,210,16.0,17.0,16.0,17.0,0.15,0.3153153153153153
155,La Canada Unified,347.0,138.0,29.0,29.0,29.0,28.0,0.94,0.3976945244956772,340,113,29.0,29.0,28.0,28.0,0.94,0.3323529411764706
156,Las Virgenes Unified,986.0,322.0,27.0,27.0,25.0,25.0,0.84,0.3265720081135903,963,282,28.0,27.0,25.0,25.0,0.85,0.29283489096573206
157,Lawndale Elementary,126.0,96.0,17.0,17.0,18.0,17.0,0.2,0.7619047619047619,124,0,,,,,,0.0
158,Lennox,296.0,232.0,17.0,16.0,17.0,17.0,0.17,0.7837837837837838,289,189,17.0,18.0,18.0,17.0,0.22,0.6539792387543253
159,Long Beach Unified,5929.0,582.0,23.0,22.0,22.0,22.0,0.57,0.0981615786810592,5944,374,23.0,24.0,23.0,23.0,0.64,0.06292059219380888
160,Los Angeles Unified,41873.0,9336.0,19.0,18.0,19.0,19.0,0.3,0.22295990256251044,41110,6681,18.0,19.0,19.0,19.0,0.32,0.16251520311359766
161,Lynwood Unified,1072.0,160.0,18.0,17.0,17.0,17.0,0.18,0.14925373134328357,1033,117,17.0,19.0,17.0,18.0,0.21,0.1132623426911907
162,Monrovia Unified,473.0,53.0,21.0,19.0,19.0,19.0,0.3,0.11205073995771671,380,56,21.0,23.0,21.0,21.0,0.61,0.14736842105263157
163,Montebello Unified,2333.0,276.0,19.0,18.0,18.0,19.0,0.27,0.11830261465923704,2336,236,18.0,19.0,18.0,19.0,0.29,0.10102739726027397
164,Norwalk-La Mirada Unified,1403.0,171.0,19.0,18.0,18.0,19.0,0.33,0.12188168210976479,1387,95,19.0,20.0,19.0,20.0,0.32,0.0684931506849315
165,Palmdale Elementary,402.0,31.0,21.0,21.0,20.0,21.0,0.48,0.07711442786069651,335,12,,,,,,0.03582089552238806
166,Palos Verdes Peninsula Unified,1118.0,426.0,27.0,28.0,27.0,26.0,0.88,0.3810375670840787,972,346,28.0,28.0,27.0,27.0,0.9,0.3559670781893004
167,Paramount Unified,1281.0,61.0,21.0,21.0,21.0,22.0,0.57,0.047619047619047616,1300,39,21.0,21.0,21.0,20.0,0.46,0.03
168,Pasadena Unified,1544.0,166.0,22.0,21.0,21.0,21.0,0.53,0.10751295336787564,1400,108,22.0,24.0,21.0,22.0,0.62,0.07714285714285714
169,Pomona Unified,1897.0,266.0,19.0,18.0,18.0,19.0,0.31,0.14022140221402213,1978,209,18.0,19.0,18.0,19.0,0.28,0.10566228513650151
170,San Marino Unified,275.0,95.0,28.0,29.0,29.0,27.0,0.91,0.34545454545454546,264,63,29.0,29.0,30.0,29.0,0.92,0.23863636363636365
171,Santa Monica-Malibu Unified,899.0,280.0,27.0,26.0,25.0,25.0,0.79,0.3114571746384872,849,229,28.0,28.0,26.0,26.0,0.83,0.2697290930506478
172,South Pasadena Unified,370.0,93.0,28.0,27.0,27.0,27.0,0.84,0.25135135135135134,324,68,27.0,27.0,27.0,26.0,0.85,0.20987654320987653
173,Temple City Unified,518.0,90.0,27.0,27.0,27.0,26.0,0.89,0.17374517374517376,510,69,28.0,27.0,28.0,27.0,0.88,0.13529411764705881
174,Torrance Unified,2115.0,440.0,25.0,24.0,25.0,24.0,0.76,0.20803782505910165,2007,362,26.0,26.0,25.0,25.0,0.82,0.18036870951669157
175,West Covina Unified,1194.0,42.0,24.0,24.0,23.0,23.0,0.69,0.035175879396984924,1160,55,23.0,23.0,23.0,23.0,0.65,0.04741379310344827
176,Whittier Union High,3048.0,390.0,20.0,20.0,20.0,20.0,0.43,0.1279527559055118,2932,386,19.0,21.0,21.0,20.0,0.44,0.13165075034106413
177,William S. Hart Union High,4252.0,748.0,26.0,25.0,24.0,24.0,0.78,0.17591721542803387,4117,591,25.0,26.0,25.0,24.0,0.8,0.14355112946320137
178,Compton Unified,1361.0,795.0,16.0,14.0,16.0,15.0,0.07,0.5841293166789125,1337,205,16.0,17.0,17.0,16.0,0.13,0.15332834704562454
179,Hacienda la Puente Unified,1459.0,113.0,22.0,20.0,21.0,22.0,0.57,0.0774503084304318,1437,57,23.0,23.0,23.0,23.0,0.65,0.03966597077244259
180,Rowland Unified,1186.0,119.0,22.0,21.0,21.0,21.0,0.49,0.10033726812816189,1152,115,21.0,22.0,23.0,22.0,0.55,0.0998263888888889
181,Walnut Valley Unified,1424.0,316.0,28.0,28.0,28.0,27.0,0.87,0.22191011235955055,1354,252,29.0,28.0,29.0,28.0,0.94,0.1861152141802068
182,San Gabriel Unified,619.0,72.0,27.0,28.0,26.0,26.0,0.88,0.11631663974151858,594,53,25.0,27.0,26.0,25.0,0.83,0.08922558922558922
183,Acton-Agua Dulce Unified,1268.0,11.0,,,,,,0.008675078864353312,1020,8,,,,,,0.00784313725490196
184,Manhattan Beach Unified,610.0,269.0,28.0,28.0,27.0,27.0,0.91,0.44098360655737706,691,318,29.0,29.0,27.0,27.0,0.92,0.4602026049204052
185,Redondo Beach Unified,757.0,267.0,24.0,24.0,23.0,24.0,0.72,0.3527080581241744,791,241,26.0,26.0,24.0,24.0,0.78,0.30467762326169406
186,SBE - New West Charter,90.0,19.0,27.0,28.0,24.0,25.0,0.84,0.2111111111111111,87,24,29.0,27.0,25.0,26.0,0.88,0.27586206896551724
187,SBE - The School of Arts and Enterprise,75.0,8.0,,,,,,0.10666666666666667,84,1,,,,,,0.011904761904761904
188,Alhambra Unified,1902.0,238.0,25.0,25.0,25.0,24.0,0.73,0.12513144058885384,1805,223,24.0,25.0,25.0,24.0,0.79,0.12354570637119114
189,Wiseburn Unified,428.0,120.0,20.0,20.0,19.0,20.0,0.36,0.2803738317757009,468,94,21.0,21.0,20.0,20.0,0.44,0.20085470085470086
190,SBE - Academia Avance Charter,65.0,33.0,15.0,15.0,17.0,16.0,0.09,0.5076923076923077,58,0,,,,,,0.0
191,SBE - Prepa Tec Los Angeles High,,,,,,,,,76,0,,,,,,0.0
192,SBE - Los Angeles College Prep Academy,,,,,,,,,41,0,,,,,,0.0
193,Madera County Superintendent of Schools,252.0,0.0,,,,,,0.0,140,0,,,,,,0.0
194,Chowchilla Union High,276.0,18.0,21.0,20.0,20.0,21.0,0.5,0.06521739130434782,267,2,,,,,,0.00749063670411985
195,Madera Unified,1296.0,271.0,18.0,17.0,18.0,18.0,0.24,0.20910493827160495,1377,259,17.0,19.0,17.0,18.0,0.22,0.18809005083514888
196,Golden Valley Unified,172.0,17.0,23.0,24.0,22.0,22.0,0.71,0.09883720930232558,158,10,,,,,,0.06329113924050633
197,Chawanakee Unified,154.0,32.0,22.0,20.0,20.0,20.0,0.53,0.2077922077922078,142,20,22.0,24.0,21.0,21.0,0.6,0.14084507042253522
198,Yosemite Unified,202.0,37.0,22.0,21.0,22.0,22.0,0.59,0.18316831683168316,203,28,25.0,27.0,23.0,24.0,0.86,0.13793103448275862
199,Marin County Office of Education,76.0,0.0,,,,,,0.0,100,0,,,,,,0.0
200,Novato Unified,667.0,197.0,25.0,24.0,24.0,23.0,0.7,0.29535232383808097,708,188,24.0,25.0,24.0,24.0,0.7,0.2655367231638418
201,San Rafael City High,634.0,140.0,24.0,23.0,23.0,23.0,0.65,0.22082018927444794,733,104,24.0,25.0,24.0,23.0,0.85,0.14188267394270124
202,Tamalpais Union High,1233.0,412.0,29.0,29.0,26.0,26.0,0.91,0.33414436334144365,1232,419,28.0,28.0,26.0,27.0,0.91,0.3400974025974026
203,Shoreline Unified,37.0,4.0,,,,,,0.10810810810810811,34,3,,,,,,0.08823529411764706
204,Mariposa County Unified,149.0,16.0,24.0,22.0,23.0,22.0,0.5,0.10738255033557047,135,18,23.0,24.0,25.0,23.0,0.72,0.13333333333333333
205,Anderson Valley Unified,55.0,2.0,,,,,,0.03636363636363636,22,2,,,,,,0.09090909090909091
206,Fort Bragg Unified,119.0,24.0,25.0,24.0,22.0,23.0,0.71,0.20168067226890757,138,34,19.0,21.0,20.0,20.0,0.41,0.2463768115942029
207,Mendocino Unified,52.0,8.0,,,,,,0.15384615384615385,43,6,,,,,,0.13953488372093023
208,Point Arena Joint Union High,36.0,3.0,,,,,,0.08333333333333333,40,6,,,,,,0.15
209,Round Valley Unified,26.0,0.0,,,,,,0.0,37,0,,,,,,0.0
210,Ukiah Unified,525.0,23.0,25.0,23.0,23.0,23.0,0.7,0.04380952380952381,494,24,25.0,26.0,25.0,23.0,0.83,0.048582995951417005
211,Willits Unified,102.0,7.0,,,,,,0.06862745098039216,138,6,,,,,,0.043478260869565216
212,Potter Valley Community Unified,15.0,0.0,,,,,,0.0,21,1,,,,,,0.047619047619047616
213,Laytonville Unified,27.0,1.0,,,,,,0.037037037037037035,28,0,,,,,,0.0
214,Merced County Office of Education,383.0,0.0,,,,,,0.0,439,0,,,,,,0.0
215,Hilmar Unified,166.0,26.0,22.0,20.0,20.0,20.0,0.42,0.1566265060240964,187,27,17.0,18.0,19.0,19.0,0.3,0.1443850267379679
216,Le Grand Union High,102.0,33.0,17.0,15.0,17.0,17.0,0.12,0.3235294117647059,145,8,,,,,,0.05517241379310345
217,Los Banos Unified,815.0,58.0,21.0,20.0,19.0,20.0,0.43,0.07116564417177915,794,52,18.0,20.0,20.0,19.0,0.42,0.0654911838790932
218,Merced Union High,2577.0,379.0,20.0,18.0,19.0,19.0,0.31,0.14707023670935196,2639,228,19.0,21.0,19.0,20.0,0.36,0.08639636225843123
219,Gustine Unified,155.0,28.0,20.0,19.0,17.0,19.0,0.29,0.18064516129032257,148,2,,,,,,0.013513513513513514
220,Dos Palos Oro Loma Joint Unified,194.0,2.0,,,,,,0.010309278350515464,161,4,,,,,,0.024844720496894408
221,Delhi Unified,167.0,68.0,18.0,17.0,17.0,18.0,0.22,0.40718562874251496,164,57,17.0,19.0,17.0,18.0,0.18,0.3475609756097561
222,Modoc Joint Unified,57.0,40.0,17.0,15.0,17.0,18.0,0.25,0.7017543859649122,51,23,14.0,16.0,16.0,17.0,0.09,0.45098039215686275
223,Tulelake Basin Joint Unified,25.0,15.0,18.0,15.0,17.0,18.0,0.07,0.6,27,14,,,,,,0.5185185185185185
224,Mono County Office of Education,291.0,0.0,,,,,,0.0,307,0,,,,,,0.0
225,Eastern Sierra Unified,22.0,1.0,,,,,,0.045454545454545456,21,2,,,,,,0.09523809523809523
226,Mammoth Unified,107.0,19.0,26.0,25.0,23.0,24.0,0.79,0.17757009345794392,82,10,,,,,,0.12195121951219512
227,Monterey County Office of Education,214.0,2.0,,,,,,0.009345794392523364,177,0,,,,,,0.0
228,Carmel Unified,215.0,121.0,26.0,26.0,25.0,25.0,0.77,0.5627906976744186,221,107,27.0,27.0,25.0,25.0,0.89,0.4841628959276018
229,South Monterey County Joint Union High,557.0,88.0,18.0,17.0,17.0,17.0,0.16,0.15798922800718132,626,116,16.0,17.0,16.0,16.0,0.14,0.1853035143769968
230,Monterey Peninsula Unified,854.0,90.0,22.0,21.0,22.0,21.0,0.56,0.1053864168618267,844,42,22.0,23.0,22.0,21.0,0.62,0.04976303317535545
231,Pacific Grove Unified,151.0,31.0,26.0,27.0,26.0,26.0,0.84,0.2052980132450331,146,31,27.0,27.0,26.0,25.0,0.87,0.21232876712328766
232,Salinas Union High,2683.0,516.0,19.0,18.0,19.0,19.0,0.33,0.19232202758106598,2783,401,19.0,20.0,20.0,20.0,0.38,0.1440891124685591
233,North Monterey County Unified,369.0,42.0,19.0,17.0,18.0,20.0,0.24,0.11382113821138211,330,39,16.0,18.0,17.0,17.0,0.23,0.11818181818181818
234,Big Sur Unified,,,,,,,,,0,1,,,,,,inf
235,Soledad Unified,403.0,69.0,18.0,16.0,17.0,18.0,0.2,0.17121588089330025,384,14,,,,,,0.036458333333333336
236,Gonzales Unified,191.0,63.0,17.0,17.0,17.0,17.0,0.17,0.3298429319371728,196,51,16.0,17.0,16.0,17.0,0.14,0.2602040816326531
237,Napa County Office of Education,34.0,0.0,,,,,,0.0,28,0,,,,,,0.0
238,Calistoga Joint Unified,49.0,13.0,,,,,,0.2653061224489796,55,20,15.0,16.0,17.0,16.0,0.1,0.36363636363636365
239,Napa Valley Unified,1513.0,168.0,22.0,22.0,22.0,22.0,0.63,0.11103767349636484,1530,137,22.0,23.0,23.0,23.0,0.63,0.08954248366013072
240,Saint Helena Unified,121.0,28.0,25.0,26.0,22.0,23.0,0.86,0.23140495867768596,117,4,,,,,,0.03418803418803419
241,Nevada County Office of Education,1163.0,13.0,,,,,,0.01117798796216681,628,0,,,,,,0.0
242,Nevada Joint Union High,700.0,63.0,25.0,24.0,25.0,24.0,0.76,0.09,714,50,26.0,27.0,26.0,26.0,0.82,0.0700280112044818
243,Orange County Department of Education,708.0,35.0,23.0,22.0,21.0,21.0,0.51,0.04943502824858757,663,0,,,,,,0.0
244,Anaheim Union High,5479.0,458.0,23.0,22.0,22.0,22.0,0.56,0.08359189633144734,5270,348,23.0,24.0,23.0,23.0,0.66,0.06603415559772297
245,Brea-Olinda Unified,506.0,121.0,26.0,26.0,26.0,26.0,0.9,0.2391304347826087,450,79,24.0,24.0,25.0,25.0,0.72,0.17555555555555555
246,Capistrano Unified,4805.0,1455.0,26.0,26.0,26.0,25.0,0.85,0.3028095733610822,4799,1350,26.0,26.0,25.0,25.0,0.83,0.2813086059595749
247,Fullerton Joint Union High,3550.0,519.0,26.0,26.0,26.0,25.0,0.81,0.14619718309859156,3462,381,27.0,27.0,27.0,26.0,0.82,0.11005199306759099
248,Garden Grove Unified,3627.0,615.0,22.0,22.0,22.0,21.0,0.57,0.1695616211745244,3479,409,20.0,21.0,21.0,21.0,0.5,0.11756251796493246
249,Huntington Beach Union High,4150.0,584.0,25.0,25.0,25.0,24.0,0.79,0.14072289156626505,4111,467,25.0,25.0,25.0,25.0,0.78,0.1135976648017514
250,Laguna Beach Unified,295.0,165.0,26.0,27.0,26.0,26.0,0.9,0.559322033898305,259,148,29.0,28.0,27.0,27.0,0.94,0.5714285714285714
251,Newport-Mesa Unified,1817.0,628.0,26.0,26.0,25.0,25.0,0.77,0.3456246560264172,1740,613,26.0,26.0,25.0,25.0,0.8,0.35229885057471266
252,Orange Unified,2261.0,255.0,25.0,25.0,24.0,24.0,0.77,0.11278195488721804,2152,181,26.0,26.0,24.0,25.0,0.83,0.08410780669144981
253,Placentia-Yorba Linda Unified,2162.0,436.0,24.0,23.0,24.0,23.0,0.68,0.20166512488436633,2172,320,26.0,26.0,26.0,25.0,0.82,0.14732965009208104
254,Santa Ana Unified,4128.0,1162.0,20.0,19.0,20.0,19.0,0.35,0.2814922480620155,4240,1099,18.0,19.0,19.0,19.0,0.33,0.25919811320754715
255,Saddleback Valley Unified,2410.0,479.0,25.0,25.0,25.0,25.0,0.78,0.1987551867219917,2344,391,25.0,26.0,25.0,25.0,0.81,0.16680887372013653
256,Tustin Unified,1992.0,544.0,25.0,25.0,25.0,24.0,0.74,0.27309236947791166,1981,455,25.0,25.0,25.0,24.0,0.71,0.22968197879858657
257,Irvine Unified,2552.0,780.0,28.0,29.0,29.0,28.0,0.92,0.3056426332288401,2687,729,29.0,29.0,29.0,28.0,0.94,0.2713062895422404
258,Los Alamitos Unified,759.0,262.0,26.0,27.0,26.0,25.0,0.82,0.3451910408432148,752,262,26.0,27.0,25.0,25.0,0.82,0.3484042553191489
259,SBE - Magnolia Science Academy Santa Ana,34.0,3.0,,,,,,0.08823529411764706,26,3,,,,,,0.11538461538461539
260,Placer County Office of Education,109.0,2.0,,,,,,0.01834862385321101,43,1,,,,,,0.023255813953488372
261,Placer Union High,1002.0,213.0,24.0,23.0,24.0,24.0,0.71,0.2125748502994012,974,147,24.0,25.0,24.0,24.0,0.78,0.15092402464065707
262,Roseville Joint Union High,2555.0,611.0,25.0,24.0,24.0,24.0,0.78,0.2391389432485323,2637,506,24.0,26.0,24.0,24.0,0.77,0.1918847174819871
263,Tahoe-Truckee Unified,303.0,78.0,26.0,25.0,25.0,25.0,0.85,0.25742574257425743,315,65,24.0,25.0,24.0,24.0,0.88,0.20634920634920634
264,Western Placer Unified,745.0,65.0,24.0,23.0,21.0,23.0,0.63,0.087248322147651,856,61,22.0,24.0,21.0,23.0,0.64,0.07126168224299065
265,Rocklin Unified,1171.0,311.0,25.0,25.0,24.0,24.0,0.8,0.2655849701110162,1247,259,25.0,26.0,25.0,25.0,0.83,0.20769847634322375
266,Plumas Unified,161.0,9.0,,,,,,0.055900621118012424,154,11,,,,,,0.07142857142857142
267,Riverside County Office of Education,858.0,11.0,,,,,,0.01282051282051282,821,1,,,,,,0.001218026796589525
268,Alvord Unified,1517.0,141.0,19.0,18.0,19.0,19.0,0.31,0.09294660514172709,1423,61,22.0,23.0,22.0,22.0,0.61,0.04286718200983837
269,Banning Unified,358.0,51.0,18.0,17.0,18.0,18.0,0.25,0.1424581005586592,323,48,16.0,18.0,18.0,18.0,0.25,0.14860681114551083
270,Beaumont Unified,735.0,48.0,22.0,20.0,20.0,21.0,0.48,0.0653061224489796,758,17,23.0,24.0,23.0,23.0,0.59,0.022427440633245383
271,Corona-Norco Unified,4488.0,757.0,22.0,21.0,21.0,21.0,0.54,0.16867201426024955,4429,558,21.0,22.0,21.0,22.0,0.54,0.12598780763151954
272,Desert Sands Unified,2493.0,226.0,22.0,21.0,20.0,21.0,0.48,0.09065383072603289,2328,127,21.0,23.0,21.0,21.0,0.56,0.054553264604811
273,Hemet Unified,1858.0,142.0,21.0,19.0,19.0,20.0,0.44,0.07642626480086114,1848,128,19.0,20.0,19.0,20.0,0.37,0.06926406926406926
274,Jurupa Unified,1486.0,210.0,19.0,18.0,18.0,19.0,0.27,0.14131897711978467,1480,194,18.0,20.0,19.0,19.0,0.31,0.13108108108108107
275,Menifee Union Elementary,113.0,18.0,24.0,24.0,23.0,23.0,0.72,0.1592920353982301,111,13,,,,,,0.11711711711711711
276,Moreno Valley Unified,2481.0,227.0,20.0,19.0,19.0,19.0,0.32,0.09149536477226924,2333,349,17.0,18.0,18.0,18.0,0.24,0.1495927989712816
277,Nuview Union,,,,,,,,,140,83,20.0,20.0,20.0,20.0,0.36,0.5928571428571429
278,Palm Springs Unified,1777.0,232.0,19.0,18.0,18.0,19.0,0.27,0.1305571187394485,1842,209,18.0,20.0,19.0,19.0,0.37,0.11346362649294245
279,Palo Verde Unified,246.0,7.0,,,,,,0.028455284552845527,269,29,18.0,18.0,18.0,18.0,0.38,0.10780669144981413
280,Perris Union High,2224.0,383.0,19.0,18.0,18.0,18.0,0.28,0.17221223021582735,2218,296,17.0,18.0,18.0,18.0,0.24,0.13345356176735798
281,Riverside Unified,3434.0,583.0,21.0,20.0,21.0,21.0,0.47,0.16977285963890507,3319,539,20.0,21.0,21.0,20.0,0.46,0.16239831274480265
282,San Jacinto Unified,859.0,34.0,19.0,19.0,18.0,18.0,0.24,0.03958090803259604,851,16,19.0,21.0,20.0,20.0,0.38,0.01880141010575793
283,Coachella Valley Unified,1244.0,204.0,18.0,16.0,18.0,18.0,0.18,0.1639871382636656,1318,288,16.0,18.0,18.0,17.0,0.17,0.21851289833080426
284,Lake Elsinore Unified,1608.0,169.0,20.0,19.0,19.0,20.0,0.4,0.10509950248756218,1606,156,20.0,22.0,21.0,21.0,0.5,0.09713574097135741
285,Temecula Valley Unified,2453.0,629.0,23.0,23.0,22.0,23.0,0.66,0.25642070933550754,2502,548,23.0,24.0,23.0,23.0,0.71,0.2190247801758593
286,Murrieta Valley Unified,2168.0,459.0,23.0,22.0,22.0,22.0,0.63,0.21171586715867158,2120,347,22.0,24.0,22.0,22.0,0.62,0.16367924528301886
287,Val Verde Unified,1641.0,41.0,20.0,19.0,19.0,19.0,0.34,0.024984765386959172,1739,34,18.0,18.0,18.0,19.0,0.26,0.019551466359977
288,Sacramento County Office of Education,343.0,0.0,,,,,,0.0,232,0,,,,,,0.0
289,Elk Grove Unified,5228.0,919.0,23.0,22.0,23.0,22.0,0.62,0.17578423871461363,5307,795,23.0,24.0,24.0,23.0,0.67,0.14980214810627474
290,Elverta Joint Elementary,,,,,,,,,20,1,,,,,,0.05
291,Folsom-Cordova Unified,1617.0,259.0,27.0,26.0,26.0,26.0,0.85,0.16017316017316016,1688,313,25.0,25.0,25.0,24.0,0.7,0.1854265402843602
292,Galt Joint Union High,567.0,58.0,21.0,20.0,21.0,20.0,0.5,0.10229276895943562,518,44,21.0,22.0,20.0,20.0,0.5,0.08494208494208494
293,River Delta Joint Unified,173.0,27.0,20.0,19.0,19.0,19.0,0.37,0.15606936416184972,169,19,17.0,19.0,19.0,18.0,0.32,0.11242603550295859
294,Robla Elementary,24.0,1.0,,,,,,0.041666666666666664,20,0,,,,,,0.0
295,Sacramento City Unified,3244.0,468.0,21.0,20.0,20.0,20.0,0.42,0.1442663378545006,3219,395,20.0,21.0,20.0,21.0,0.46,0.1227089158123641
296,San Juan Unified,4487.0,456.0,24.0,23.0,23.0,23.0,0.65,0.10162692221974594,4598,436,24.0,25.0,24.0,24.0,0.71,0.09482383645063071
297,Center Joint Unified,354.0,14.0,,,,,,0.03954802259887006,316,16,20.0,24.0,22.0,22.0,0.5,0.05063291139240506
298,Natomas Unified,1130.0,772.0,17.0,16.0,17.0,17.0,0.21,0.6831858407079646,1250,126,22.0,23.0,21.0,22.0,0.59,0.1008
299,Twin Rivers Unified,2234.0,91.0,20.0,18.0,19.0,19.0,0.38,0.04073410922112802,2363,95,19.0,21.0,19.0,20.0,0.36,0.040203131612357175
300,San Benito High,807.0,118.0,21.0,20.0,21.0,21.0,0.44,0.14622057001239158,765,121,20.0,20.0,20.0,21.0,0.45,0.15816993464052287
301,Aromas - San Juan Unified,75.0,5.0,,,,,,0.06666666666666667,76,10,,,,,,0.13157894736842105
302,San Bernardino County Office of Education,673.0,13.0,,,,,,0.019316493313521546,615,7,,,,,,0.011382113821138212
303,Adelanto Elementary,142.0,1.0,,,,,,0.007042253521126761,17,0,,,,,,0.0
304,Barstow Unified,394.0,26.0,18.0,17.0,19.0,19.0,0.31,0.06598984771573604,370,22,17.0,18.0,19.0,19.0,0.36,0.05945945945945946
305,Bear Valley Unified,195.0,9.0,,,,,,0.046153846153846156,188,4,,,,,,0.02127659574468085
306,Chaffey Joint Union High,6046.0,796.0,21.0,20.0,21.0,21.0,0.46,0.13165729407872973,5973,655,21.0,22.0,22.0,21.0,0.53,0.10966013728444668
307,Chino Valley Unified,2434.0,250.0,25.0,24.0,24.0,24.0,0.73,0.10271158586688578,2337,200,25.0,25.0,24.0,24.0,0.72,0.08557980316645272
308,Colton Joint Unified,1621.0,126.0,19.0,19.0,19.0,20.0,0.37,0.07772979642196175,1576,73,17.0,20.0,19.0,18.0,0.23,0.04631979695431472
309,Fontana Unified,2941.0,2562.0,16.0,14.0,16.0,16.0,0.11,0.8711322679360761,2962,307,19.0,19.0,19.0,19.0,0.31,0.10364618501012829
310,Helendale Elementary,199.0,5.0,,,,,,0.02512562814070352,261,1,,,,,,0.0038314176245210726
311,Morongo Unified,565.0,16.0,25.0,24.0,25.0,23.0,0.81,0.02831858407079646,553,14,,,,,,0.02531645569620253
312,Needles Unified,69.0,6.0,,,,,,0.08695652173913043,63,6,,,,,,0.09523809523809523
313,Oro Grande,647.0,17.0,18.0,18.0,17.0,19.0,0.29,0.02627511591962906,824,3,,,,,,0.0036407766990291263
314,Redlands Unified,1842.0,174.0,24.0,24.0,24.0,23.0,0.69,0.09446254071661238,1734,166,23.0,23.0,23.0,23.0,0.64,0.09573241061130335
315,Rialto Unified,1973.0,190.0,19.0,18.0,19.0,19.0,0.31,0.0963000506842372,2046,157,17.0,18.0,19.0,18.0,0.34,0.07673509286412512
316,Rim of the World Unified,239.0,26.0,25.0,24.0,22.0,24.0,0.73,0.1087866108786611,251,18,23.0,24.0,21.0,23.0,0.72,0.07171314741035857
317,San Bernardino City Unified,3558.0,480.0,19.0,17.0,18.0,19.0,0.26,0.13490725126475547,3590,394,17.0,18.0,18.0,18.0,0.25,0.10974930362116991
318,Trona Joint Unified,325.0,1.0,,,,,,0.003076923076923077,21,0,,,,,,0.0
319,Victor Valley Union High,1911.0,200.0,20.0,18.0,19.0,19.0,0.32,0.10465724751439037,2063,212,19.0,20.0,19.0,20.0,0.36,0.10276296655356278
320,Yucaipa-Calimesa Joint Unified,739.0,61.0,24.0,22.0,22.0,22.0,0.66,0.08254397834912043,735,34,22.0,24.0,23.0,22.0,0.62,0.04625850340136054
321,Silver Valley Unified,105.0,2.0,,,,,,0.01904761904761905,105,3,,,,,,0.02857142857142857
322,Snowline Joint Unified,560.0,57.0,22.0,21.0,23.0,22.0,0.6,0.10178571428571428,544,37,21.0,23.0,22.0,22.0,0.65,0.06801470588235294
323,Hesperia Unified,1986.0,255.0,20.0,18.0,19.0,19.0,0.36,0.1283987915407855,1923,182,19.0,20.0,20.0,20.0,0.4,0.09464378575143005
324,Lucerne Valley Unified,506.0,1.0,,,,,,0.001976284584980237,501,7,,,,,,0.013972055888223553
325,Upland Unified,867.0,62.0,21.0,21.0,21.0,21.0,0.48,0.07151095732410612,912,100,23.0,23.0,22.0,21.0,0.62,0.10964912280701754
326,Apple Valley Unified,1086.0,82.0,23.0,22.0,20.0,21.0,0.51,0.07550644567219153,1014,65,23.0,24.0,21.0,23.0,0.62,0.0641025641025641
327,San Diego County Office of Education,631.0,22.0,22.0,21.0,23.0,21.0,0.64,0.03486529318541997,348,0,,,,,,0.0
328,Borrego Springs Unified,309.0,1.0,,,,,,0.003236245954692557,309,0,,,,,,0.0
329,Chula Vista Elementary,228.0,21.0,20.0,20.0,18.0,19.0,0.29,0.09210526315789473,252,4,,,,,,0.015873015873015872
330,Coronado Unified,294.0,128.0,26.0,25.0,25.0,25.0,0.78,0.43537414965986393,289,115,25.0,26.0,25.0,25.0,0.78,0.39792387543252594
331,Dehesa Elementary,469.0,18.0,21.0,21.0,20.0,20.0,0.33,0.03837953091684435,394,32,24.0,25.0,21.0,22.0,0.69,0.08121827411167512
332,Escondido Union High,2532.0,497.0,21.0,20.0,21.0,21.0,0.46,0.19628751974723538,2436,449,20.0,22.0,20.0,21.0,0.46,0.18431855500821018
333,Fallbrook Union High,557.0,42.0,23.0,22.0,22.0,21.0,0.62,0.07540394973070018,554,44,24.0,25.0,24.0,23.0,0.75,0.07942238267148015
334,Grossmont Union High,5541.0,940.0,22.0,21.0,22.0,22.0,0.6,0.16964446850748963,5396,756,22.0,23.0,23.0,22.0,0.63,0.14010378057820608
335,Jamul-Dulzura Union Elementary,,,,,,,,,12,1,,,,,,0.08333333333333333
336,Julian Union Elementary,207.0,6.0,,,,,,0.028985507246376812,72,1,,,,,,0.013888888888888888
337,Julian Union High,20.0,1.0,,,,,,0.05,22,2,,,,,,0.09090909090909091
338,Lakeside Union Elementary,71.0,16.0,28.0,26.0,26.0,27.0,1.0,0.22535211267605634,51,12,,,,,,0.23529411764705882
339,Mountain Empire Unified,342.0,20.0,25.0,21.0,21.0,23.0,0.6,0.05847953216374269,369,9,,,,,,0.024390243902439025
340,Poway Unified,2918.0,941.0,27.0,26.0,26.0,25.0,0.82,0.32248115147361206,2988,849,27.0,28.0,27.0,26.0,0.88,0.28413654618473894
341,Ramona City Unified,476.0,81.0,23.0,22.0,23.0,23.0,0.67,0.17016806722689076,474,75,23.0,24.0,22.0,23.0,0.73,0.15822784810126583
342,San Diego Unified,9418.0,1944.0,23.0,22.0,22.0,22.0,0.56,0.20641325122106605,9075,1733,22.0,23.0,22.0,22.0,0.56,0.1909641873278237
343,San Dieguito Union High,2334.0,1234.0,28.0,28.0,27.0,27.0,0.9,0.5287060839760068,2215,1001,28.0,28.0,27.0,27.0,0.88,0.4519187358916479
344,Spencer Valley Elementary,299.0,3.0,,,,,,0.010033444816053512,308,5,,,,,,0.016233766233766232
345,Sweetwater Union High,7934.0,952.0,21.0,20.0,20.0,21.0,0.46,0.11998991681371313,7629,811,20.0,21.0,21.0,21.0,0.49,0.1063048892384323
346,Vista Unified,2363.0,231.0,25.0,23.0,24.0,23.0,0.71,0.09775708844688955,2324,138,23.0,24.0,23.0,23.0,0.7,0.05938037865748709
347,Carlsbad Unified,913.0,258.0,25.0,25.0,25.0,25.0,0.79,0.28258488499452356,919,221,26.0,27.0,26.0,26.0,0.86,0.24047878128400435
348,Oceanside Unified,1628.0,207.0,21.0,20.0,21.0,20.0,0.48,0.12714987714987716,1560,155,20.0,23.0,21.0,21.0,0.55,0.09935897435897435
349,San Marcos Unified,1534.0,422.0,24.0,23.0,22.0,23.0,0.63,0.27509778357235987,1626,447,22.0,23.0,22.0,22.0,0.59,0.27490774907749077
350,Warner Unified,129.0,1.0,,,,,,0.007751937984496124,231,3,,,,,,0.012987012987012988
351,Valley Center-Pauma Unified,314.0,50.0,22.0,21.0,21.0,22.0,0.5,0.1592356687898089,296,31,22.0,23.0,21.0,21.0,0.55,0.10472972972972973
352,SBC - High Tech High,242.0,40.0,23.0,21.0,19.0,21.0,0.48,0.1652892561983471,211,42,23.0,25.0,22.0,22.0,0.69,0.1990521327014218
353,Bonsall Unified,67.0,5.0,,,,,,0.07462686567164178,76,11,,,,,,0.14473684210526316
354,SBE - Audeo Charter II,64.0,0.0,,,,,,0.0,39,0,,,,,,0.0
355,SBE - Grossmont Secondary,113.0,0.0,,,,,,0.0,70,0,,,,,,0.0
356,SBE - Sweetwater Secondary,78.0,0.0,,,,,,0.0,60,0,,,,,,0.0
357,San Francisco County Office of Education,48.0,1.0,,,,,,0.020833333333333332,81,0,,,,,,0.0
358,San Francisco Unified,4399.0,1077.0,22.0,21.0,22.0,21.0,0.52,0.24482837008411001,4428,924,21.0,22.0,22.0,22.0,0.53,0.2086720867208672
359,San Joaquin County Office of Education,823.0,22.0,18.0,17.0,17.0,18.0,0.18,0.026731470230862697,1399,0,,,,,,0.0
360,Escalon Unified,201.0,16.0,21.0,19.0,21.0,22.0,0.62,0.07960199004975124,196,17,21.0,22.0,22.0,21.0,0.59,0.08673469387755102
361,Lincoln Unified,721.0,59.0,23.0,22.0,23.0,23.0,0.73,0.08183079056865465,786,61,23.0,24.0,23.0,24.0,0.72,0.07760814249363868
362,Linden Unified,177.0,33.0,22.0,21.0,20.0,21.0,0.39,0.1864406779661017,166,27,20.0,22.0,20.0,21.0,0.44,0.16265060240963855
363,Lodi Unified,2471.0,474.0,22.0,21.0,22.0,22.0,0.55,0.19182517199514368,2543,419,21.0,22.0,22.0,21.0,0.55,0.16476602438065277
364,Manteca Unified,1925.0,124.0,22.0,22.0,22.0,21.0,0.59,0.06441558441558441,1929,83,21.0,23.0,21.0,21.0,0.57,0.04302747537584241
365,New Jerusalem Elementary,523.0,8.0,,,,,,0.015296367112810707,657,10,,,,,,0.015220700152207
366,Ripon Unified,405.0,46.0,26.0,24.0,23.0,24.0,0.8,0.11358024691358025,470,27,22.0,24.0,22.0,22.0,0.67,0.0574468085106383
367,Stockton Unified,2734.0,354.0,19.0,18.0,19.0,18.0,0.33,0.12948061448427212,2760,199,19.0,20.0,20.0,19.0,0.41,0.07210144927536231
368,Tracy Joint Unified,1515.0,160.0,22.0,21.0,21.0,22.0,0.52,0.10561056105610561,1643,191,22.0,23.0,22.0,22.0,0.57,0.1162507608034084
369,Lammersville Joint Unified,283.0,52.0,28.0,27.0,26.0,26.0,0.88,0.18374558303886926,340,66,26.0,26.0,25.0,25.0,0.92,0.19411764705882353
370,San Luis Obispo County Office of Education,186.0,1.0,,,,,,0.005376344086021506,180,0,,,,,,0.0
371,Atascadero Unified,355.0,35.0,26.0,25.0,25.0,25.0,0.77,0.09859154929577464,384,34,23.0,24.0,23.0,23.0,0.71,0.08854166666666667
372,Lucia Mar Unified,865.0,194.0,23.0,22.0,22.0,22.0,0.62,0.22427745664739884,838,150,22.0,23.0,22.0,22.0,0.58,0.17899761336515513
373,San Luis Coastal Unified,591.0,174.0,26.0,25.0,25.0,24.0,0.8,0.29441624365482233,583,157,25.0,26.0,25.0,25.0,0.8,0.2692967409948542
374,Shandon Joint Unified,18.0,2.0,,,,,,0.1111111111111111,21,2,,,,,,0.09523809523809523
375,Templeton Unified,203.0,69.0,24.0,24.0,22.0,23.0,0.72,0.3399014778325123,228,48,26.0,26.0,24.0,25.0,0.83,0.21052631578947367
376,Paso Robles Joint Unified,578.0,89.0,23.0,22.0,22.0,22.0,0.6,0.15397923875432526,583,52,24.0,25.0,24.0,24.0,0.79,0.08919382504288165
377,Coast Unified,45.0,6.0,,,,,,0.13333333333333333,49,6,,,,,,0.12244897959183673
378,San Mateo County Office of Education,97.0,0.0,,,,,,0.0,90,0,,,,,,0.0
379,Cabrillo Unified,251.0,65.0,27.0,26.0,25.0,25.0,0.77,0.2589641434262948,290,63,25.0,26.0,24.0,24.0,0.71,0.21724137931034482
380,Jefferson Elementary,94.0,4.0,,,,,,0.0425531914893617,137,13,,,,,,0.0948905109489051
381,Jefferson Union High,1179.0,132.0,24.0,23.0,23.0,23.0,0.74,0.11195928753180662,1229,88,25.0,26.0,25.0,24.0,0.83,0.07160292921074043
382,La Honda-Pescadero Unified,21.0,2.0,,,,,,0.09523809523809523,21,0,,,,,,0.0
383,Ravenswood City Elementary,20.0,31.0,16.0,14.0,18.0,15.0,0.1,1.55,0,2,,,,,,inf
384,San Mateo Union High,2359.0,529.0,27.0,26.0,26.0,26.0,0.82,0.22424756252649428,2542,424,27.0,27.0,26.0,26.0,0.85,0.16679779701022818
385,Sequoia Union High,2532.0,630.0,25.0,24.0,24.0,24.0,0.68,0.24881516587677724,2518,432,25.0,26.0,25.0,25.0,0.76,0.1715647339158062
386,South San Francisco Unified,682.0,41.0,23.0,23.0,24.0,23.0,0.76,0.060117302052785926,663,19,20.0,22.0,21.0,21.0,0.53,0.02865761689291101
387,Santa Barbara County Office of Education,48.0,0.0,,,,,,0.0,26,0,,,,,,0.0
388,Blochman Union Elementary,71.0,5.0,,,,,,0.07042253521126761,78,3,,,,,,0.038461538461538464
389,Carpinteria Unified,167.0,39.0,22.0,19.0,22.0,22.0,0.54,0.23353293413173654,168,11,,,,,,0.06547619047619048
390,Lompoc Unified,648.0,41.0,24.0,23.0,23.0,23.0,0.61,0.06327160493827161,632,52,22.0,24.0,22.0,23.0,0.69,0.08227848101265822
391,Orcutt Union Elementary,145.0,49.0,25.0,26.0,25.0,25.0,0.82,0.33793103448275863,128,25,24.0,24.0,24.0,23.0,0.88,0.1953125
392,Santa Maria Joint Union High,1949.0,243.0,20.0,19.0,20.0,20.0,0.38,0.12467932272960493,1993,286,18.0,19.0,20.0,19.0,0.37,0.1435022579026593
393,Santa Ynez Valley Union High,231.0,50.0,26.0,24.0,22.0,22.0,0.76,0.21645021645021645,218,29,24.0,25.0,23.0,24.0,0.76,0.13302752293577982
394,Cuyama Joint Unified,218.0,1.0,,,,,,0.0045871559633027525,15,0,,,,,,0.0
395,Santa Barbara Unified,1669.0,395.0,25.0,25.0,24.0,24.0,0.72,0.2366686638705812,1631,279,24.0,25.0,24.0,24.0,0.7,0.17106069895769466
396,SBE - Olive Grove Charter - Orcutt/Santa Maria,42.0,1.0,,,,,,0.023809523809523808,88,1,,,,,,0.011363636363636364
397,SBE - Olive Grove Charter - Lompoc,36.0,0.0,,,,,,0.0,41,0,,,,,,0.0
398,SBE - Olive Grove Charter - Buellton,23.0,0.0,,,,,,0.0,17,0,,,,,,0.0
399,SBE - Olive Grove Charter - Santa Barbara,53.0,0.0,,,,,,0.0,68,0,,,,,,0.0
400,Santa Clara County Office of Education,915.0,102.0,22.0,22.0,21.0,22.0,0.48,0.11147540983606558,894,0,,,,,,0.0
401,Campbell Union High,2023.0,403.0,27.0,26.0,25.0,26.0,0.8,0.19920909540286702,1992,352,27.0,27.0,26.0,26.0,0.82,0.17670682730923695
402,East Side Union High,6785.0,777.0,22.0,22.0,23.0,22.0,0.54,0.11451731761238025,6739,712,22.0,23.0,23.0,22.0,0.58,0.10565365781273187
403,Fremont Union High,2761.0,872.0,30.0,31.0,31.0,29.0,0.94,0.3158275986961246,2763,775,31.0,30.0,31.0,30.0,0.95,0.2804922186029678
404,Gilroy Unified,972.0,147.0,23.0,22.0,23.0,22.0,0.63,0.15123456790123457,922,91,22.0,24.0,23.0,22.0,0.64,0.09869848156182212
405,Los Gatos-Saratoga Union High,,,,,,,,,892,323,30.0,30.0,29.0,29.0,0.94,0.36210762331838564
406,Morgan Hill Unified,636.0,115.0,24.0,24.0,24.0,23.0,0.77,0.18081761006289307,678,119,25.0,26.0,25.0,24.0,0.84,0.17551622418879056
407,Mountain View-Los Altos Union High,1061.0,342.0,28.0,29.0,28.0,28.0,0.87,0.3223374175306315,1106,304,29.0,30.0,28.0,28.0,0.91,0.27486437613019893
408,Palo Alto Unified,1020.0,454.0,29.0,29.0,28.0,28.0,0.87,0.44509803921568625,1024,413,29.0,29.0,28.0,28.0,0.83,0.4033203125
409,San Jose Unified,2648.0,443.0,25.0,25.0,25.0,25.0,0.71,0.16729607250755288,2661,365,27.0,27.0,26.0,26.0,0.78,0.1371664787673807
410,Santa Clara Unified,1136.0,193.0,25.0,25.0,24.0,24.0,0.7,0.1698943661971831,1154,205,24.0,25.0,24.0,23.0,0.67,0.17764298093587522
411,Milpitas Unified,829.0,72.0,26.0,27.0,27.0,26.0,0.89,0.08685162846803378,842,64,28.0,29.0,30.0,28.0,0.94,0.07600950118764846
412,Santa Cruz County Office of Education,594.0,48.0,29.0,29.0,27.0,27.0,0.96,0.08080808080808081,508,0,,,,,,0.0
413,Pajaro Valley Unified,1315.0,257.0,20.0,18.0,19.0,20.0,0.34,0.19543726235741446,1331,241,19.0,21.0,20.0,20.0,0.41,0.18106686701728025
414,San Lorenzo Valley Unified,244.0,25.0,26.0,26.0,24.0,25.0,0.76,0.10245901639344263,318,23,28.0,30.0,26.0,27.0,1.0,0.07232704402515723
415,Santa Cruz City High,862.0,177.0,24.0,23.0,23.0,22.0,0.63,0.20533642691415313,837,141,23.0,24.0,23.0,23.0,0.69,0.16845878136200718
416,Scotts Valley Unified,194.0,60.0,27.0,26.0,25.0,25.0,0.87,0.30927835051546393,230,53,25.0,26.0,24.0,25.0,0.85,0.23043478260869565
417,Shasta County Office of Education,58.0,0.0,,,,,,0.0,86,0,,,,,,0.0
418,Anderson Union High,444.0,29.0,24.0,21.0,22.0,23.0,0.72,0.06531531531531531,402,23,24.0,25.0,24.0,25.0,0.87,0.05721393034825871
419,Fall River Joint Unified,86.0,21.0,22.0,20.0,22.0,22.0,0.43,0.2441860465116279,76,11,,,,,,0.14473684210526316
420,Redding Elementary,19.0,3.0,,,,,,0.15789473684210525,19,0,,,,,,0.0
421,Shasta Union High,1308.0,115.0,27.0,25.0,25.0,25.0,0.83,0.08792048929663608,1273,96,25.0,26.0,25.0,25.0,0.86,0.07541241162608013
422,Whitmore Union Elementary,78.0,2.0,,,,,,0.02564102564102564,83,0,,,,,,0.0
423,Gateway Unified,168.0,3.0,,,,,,0.017857142857142856,161,3,,,,,,0.018633540372670808
424,Sierra-Plumas Joint Unified,23.0,3.0,,,,,,0.13043478260869565,36,4,,,,,,0.1111111111111111
425,Siskiyou County Office of Education,84.0,1.0,,,,,,0.011904761904761904,83,0,,,,,,0.0
426,Dunsmuir Joint Union High,15.0,0.0,,,,,,0.0,17,0,,,,,,0.0
427,Siskiyou Union High,150.0,29.0,21.0,21.0,19.0,19.0,0.48,0.19333333333333333,105,22,20.0,22.0,19.0,20.0,0.5,0.20952380952380953
428,Yreka Union High,150.0,38.0,23.0,20.0,21.0,21.0,0.53,0.25333333333333335,141,30,19.0,20.0,19.0,20.0,0.43,0.2127659574468085
429,Butte Valley Unified,18.0,0.0,,,,,,0.0,18,0,,,,,,0.0
430,Scott Valley Unified,45.0,27.0,20.0,20.0,21.0,21.0,0.41,0.6,55,17,20.0,23.0,21.0,21.0,0.59,0.3090909090909091
431,Solano County Office of Education,181.0,0.0,,,,,,0.0,147,0,,,,,,0.0
432,Benicia Unified,406.0,67.0,27.0,26.0,25.0,25.0,0.84,0.16502463054187191,437,73,26.0,26.0,26.0,26.0,0.84,0.16704805491990846
433,Dixon Unified,310.0,67.0,21.0,20.0,21.0,20.0,0.51,0.2161290322580645,302,81,20.0,21.0,21.0,20.0,0.44,0.2682119205298013
434,Fairfield-Suisun Unified,1560.0,94.0,24.0,23.0,22.0,23.0,0.63,0.06025641025641026,1512,80,23.0,24.0,22.0,22.0,0.59,0.05291005291005291
435,Travis Unified,419.0,40.0,25.0,23.0,23.0,24.0,0.7,0.0954653937947494,422,27,23.0,24.0,23.0,23.0,0.7,0.06398104265402843
436,Vacaville Unified,975.0,97.0,23.0,22.0,23.0,22.0,0.64,0.09948717948717949,1021,95,23.0,23.0,23.0,22.0,0.72,0.0930460333006856
437,Vallejo City Unified,994.0,71.0,20.0,18.0,18.0,19.0,0.31,0.07142857142857142,1032,103,18.0,19.0,18.0,19.0,0.27,0.0998062015503876
438,Sonoma County Office of Education,185.0,0.0,,,,,,0.0,174,0,,,,,,0.0
439,West Sonoma County Union High,450.0,55.0,26.0,25.0,24.0,24.0,0.73,0.12222222222222222,439,37,25.0,25.0,23.0,24.0,0.78,0.08428246013667426
440,Cloverdale Unified,85.0,5.0,,,,,,0.058823529411764705,106,11,,,,,,0.10377358490566038
441,Guerneville Elementary,59.0,0.0,,,,,,0.0,24,0,,,,,,0.0
442,Harmony Union Elementary,64.0,1.0,,,,,,0.015625,55,0,,,,,,0.0
443,Liberty Elementary,70.0,4.0,,,,,,0.05714285714285714,90,1,,,,,,0.011111111111111112
444,Oak Grove Union Elementary,70.0,1.0,,,,,,0.014285714285714285,93,0,,,,,,0.0
445,Petaluma Joint Union High,889.0,134.0,25.0,24.0,23.0,23.0,0.75,0.15073115860517436,812,92,25.0,26.0,24.0,25.0,0.8,0.11330049261083744
446,Piner-Olivet Union Elementary,17.0,0.0,,,,,,0.0,15,0,,,,,,0.0
447,Roseland,147.0,89.0,17.0,16.0,18.0,18.0,0.22,0.6054421768707483,156,92,17.0,19.0,18.0,18.0,0.27,0.5897435897435898
448,Santa Rosa High,1968.0,275.0,25.0,24.0,24.0,24.0,0.76,0.13973577235772358,2033,242,25.0,25.0,25.0,24.0,0.79,0.11903590752582391
449,Sonoma Valley Unified,293.0,47.0,25.0,24.0,23.0,23.0,0.66,0.16040955631399317,320,42,22.0,24.0,22.0,23.0,0.6,0.13125
450,Twin Hills Union Elementary,25.0,0.0,,,,,,0.0,25,1,,,,,,0.04
451,Cotati-Rohnert Park Unified,529.0,73.0,24.0,23.0,22.0,22.0,0.6,0.13799621928166353,540,61,24.0,25.0,23.0,23.0,0.69,0.11296296296296296
452,Windsor Unified,466.0,116.0,23.0,22.0,21.0,22.0,0.6,0.24892703862660945,476,96,24.0,24.0,22.0,23.0,0.67,0.20168067226890757
453,Healdsburg Unified,158.0,36.0,24.0,25.0,22.0,22.0,0.81,0.22784810126582278,128,22,23.0,26.0,22.0,22.0,0.73,0.171875
454,Stanislaus County Office of Education,883.0,0.0,,,,,,0.0,976,0,,,,,,0.0
455,Ceres Unified,1073.0,34.0,20.0,18.0,18.0,19.0,0.24,0.03168685927306617,1100,25,20.0,21.0,21.0,20.0,0.48,0.022727272727272728
456,Denair Unified,143.0,3.0,,,,,,0.02097902097902098,149,2,,,,,,0.013422818791946308
457,Hart-Ransom Union Elementary,18.0,6.0,,,,,,0.3333333333333333,22,1,,,,,,0.045454545454545456
458,Keyes Union,25.0,2.0,,,,,,0.08,21,0,,,,,,0.0
459,Modesto City Elementary,,,,,,,,,18,1,,,,,,0.05555555555555555
460,Modesto City High,3858.0,511.0,22.0,21.0,21.0,21.0,0.51,0.13245204769310523,3794,390,20.0,22.0,21.0,21.0,0.47,0.10279388508170796
461,Patterson Joint Unified,458.0,15.0,24.0,22.0,21.0,21.0,0.47,0.03275109170305677,504,7,,,,,,0.013888888888888888
462,Newman-Crows Landing Unified,227.0,18.0,23.0,22.0,23.0,22.0,0.56,0.07929515418502203,228,5,,,,,,0.021929824561403508
463,Hughson Unified,168.0,12.0,,,,,,0.07142857142857142,184,7,,,,,,0.03804347826086957
464,Riverbank Unified,179.0,2.0,,,,,,0.0111731843575419,200,1,,,,,,0.005
465,Oakdale Joint Unified,437.0,38.0,24.0,24.0,23.0,23.0,0.68,0.08695652173913043,426,22,21.0,23.0,22.0,23.0,0.68,0.051643192488262914
466,Waterford Unified,359.0,7.0,,,,,,0.019498607242339833,313,4,,,,,,0.012779552715654952
467,Turlock Unified,1240.0,105.0,24.0,22.0,22.0,22.0,0.65,0.0846774193548387,1269,72,22.0,23.0,22.0,22.0,0.62,0.05673758865248227
468,Sutter County Office of Education,75.0,0.0,,,,,,0.0,81,0,,,,,,0.0
469,East Nicolaus Joint Union High,79.0,9.0,,,,,,0.11392405063291139,75,1,,,,,,0.013333333333333334
470,Live Oak Unified,143.0,33.0,19.0,20.0,20.0,20.0,0.36,0.23076923076923078,142,45,19.0,20.0,20.0,19.0,0.4,0.31690140845070425
471,Marcum-Illinois Union Elementary,140.0,6.0,,,,,,0.04285714285714286,157,4,,,,,,0.025477707006369428
472,Meridian Elementary,131.0,1.0,,,,,,0.007633587786259542,105,1,,,,,,0.009523809523809525
473,Nuestro Elementary,20.0,0.0,,,,,,0.0,19,1,,,,,,0.05263157894736842
474,Sutter Union High,189.0,22.0,25.0,22.0,24.0,23.0,0.77,0.1164021164021164,181,26,21.0,23.0,22.0,22.0,0.62,0.143646408839779
475,Winship-Robbins,78.0,9.0,,,,,,0.11538461538461539,97,6,,,,,,0.061855670103092786
476,Yuba City Unified,972.0,116.0,23.0,22.0,22.0,23.0,0.61,0.11934156378600823,988,87,22.0,23.0,23.0,22.0,0.63,0.08805668016194332
477,Tehama County Department of Education,47.0,0.0,,,,,,0.0,38,0,,,,,,0.0
478,Corning Union High,228.0,113.0,18.0,18.0,18.0,17.0,0.29,0.4956140350877193,255,86,17.0,19.0,17.0,17.0,0.22,0.33725490196078434
479,Los Molinos Unified,37.0,38.0,17.0,15.0,17.0,17.0,0.24,1.027027027027027,62,54,16.0,18.0,17.0,17.0,0.22,0.8709677419354839
480,Red Bluff Joint Union High,372.0,151.0,20.0,19.0,20.0,20.0,0.42,0.40591397849462363,425,215,18.0,20.0,19.0,19.0,0.35,0.5058823529411764
481,Trinity County Office of Education,36.0,0.0,,,,,,0.0,30,0,,,,,,0.0
482,Mountain Valley Unified,19.0,0.0,,,,,,0.0,22,0,,,,,,0.0
483,Trinity Alps Unified,93.0,15.0,24.0,24.0,23.0,23.0,0.73,0.16129032258064516,67,7,,,,,,0.1044776119402985
484,Tulare County Office of Education,465.0,14.0,,,,,,0.030107526881720432,448,0,,,,,,0.0
485,Alpaugh Unified,80.0,1.0,,,,,,0.0125,84,1,,,,,,0.011904761904761904
486,Burton Elementary,81.0,5.0,,,,,,0.06172839506172839,79,4,,,,,,0.05063291139240506
487,Cutler-Orosi Joint Unified,292.0,85.0,17.0,15.0,17.0,17.0,0.12,0.2910958904109589,295,86,15.0,16.0,17.0,17.0,0.1,0.29152542372881357
488,Lindsay Unified,293.0,9.0,,,,,,0.030716723549488054,264,4,,,,,,0.015151515151515152
489,Stone Corral Elementary,35.0,0.0,,,,,,0.0,44,1,,,,,,0.022727272727272728
490,Tulare Joint Union High,1284.0,177.0,20.0,19.0,20.0,19.0,0.36,0.1378504672897196,1328,136,18.0,21.0,20.0,20.0,0.42,0.10240963855421686
491,Visalia Unified,2216.0,187.0,22.0,21.0,21.0,22.0,0.55,0.08438628158844766,2155,147,23.0,24.0,23.0,23.0,0.69,0.06821345707656612
492,Farmersville Unified,216.0,46.0,18.0,16.0,17.0,17.0,0.17,0.21296296296296297,179,45,16.0,17.0,16.0,17.0,0.09,0.25139664804469275
493,Porterville Unified,1665.0,283.0,19.0,18.0,19.0,19.0,0.31,0.16996996996996996,1616,189,19.0,21.0,20.0,20.0,0.39,0.11695544554455446
494,Dinuba Unified,538.0,96.0,18.0,16.0,17.0,19.0,0.19,0.17843866171003717,544,40,18.0,20.0,20.0,19.0,0.4,0.07352941176470588
495,Woodlake Unified,168.0,30.0,18.0,18.0,19.0,18.0,0.27,0.17857142857142858,171,34,18.0,20.0,19.0,20.0,0.38,0.19883040935672514
496,Exeter Unified,225.0,18.0,25.0,23.0,20.0,23.0,0.72,0.08,233,10,,,,,,0.04291845493562232
497,Tuolumne County Superintendent of Schools,34.0,0.0,,,,,,0.0,25,0,,,,,,0.0
498,Sonora Union High,263.0,11.0,,,,,,0.04182509505703422,252,5,,,,,,0.01984126984126984
499,Summerville Union High,189.0,12.0,,,,,,0.06349206349206349,192,13,,,,,,0.06770833333333333
500,Big Oak Flat-Groveland Unified,32.0,0.0,,,,,,0.0,25,0,,,,,,0.0
501,Ventura County Office of Education,323.0,2.0,,,,,,0.006191950464396285,334,0,,,,,,0.0
502,Fillmore Unified,298.0,29.0,24.0,23.0,23.0,23.0,0.66,0.09731543624161074,279,17,19.0,20.0,23.0,21.0,0.53,0.06093189964157706
503,Mesa Union Elementary,18.0,1.0,,,,,,0.05555555555555555,19,3,,,,,,0.15789473684210525
504,Ojai Unified,192.0,15.0,26.0,26.0,24.0,24.0,0.87,0.078125,201,21,25.0,27.0,24.0,25.0,0.86,0.1044776119402985
505,Oxnard Union High,4063.0,317.0,22.0,21.0,21.0,21.0,0.51,0.07802116662564608,4095,275,21.0,22.0,22.0,21.0,0.53,0.06715506715506715
506,Pleasant Valley,,,,,,,,,109,0,,,,,,0.0
507,Simi Valley Unified,1416.0,159.0,25.0,25.0,24.0,24.0,0.77,0.11228813559322035,1491,114,26.0,26.0,25.0,25.0,0.85,0.07645875251509054
508,Ventura Unified,1301.0,213.0,24.0,22.0,22.0,22.0,0.62,0.16372021521906227,1185,184,23.0,24.0,23.0,23.0,0.64,0.15527426160337554
509,Conejo Valley Unified,1767.0,421.0,27.0,27.0,26.0,26.0,0.85,0.23825693265421619,1733,380,26.0,27.0,26.0,26.0,0.87,0.2192729371032891
510,Oak Park Unified,438.0,157.0,29.0,29.0,27.0,27.0,0.94,0.3584474885844749,404,138,30.0,29.0,27.0,27.0,0.96,0.3415841584158416
511,Moorpark Unified,505.0,112.0,25.0,24.0,24.0,24.0,0.79,0.22178217821782178,538,104,25.0,27.0,25.0,25.0,0.82,0.19330855018587362
512,Santa Paula Unified,429.0,126.0,20.0,18.0,19.0,20.0,0.35,0.2937062937062937,376,124,18.0,19.0,19.0,20.0,0.38,0.32978723404255317
513,Yolo County Office of Education,87.0,0.0,,,,,,0.0,54,0,,,,,,0.0
514,Davis Joint Unified,717.0,156.0,28.0,27.0,28.0,27.0,0.93,0.2175732217573222,737,180,28.0,28.0,28.0,27.0,0.95,0.24423337856173677
515,Esparto Unified,46.0,0.0,,,,,,0.0,93,3,,,,,,0.03225806451612903
516,Washington Unified,339.0,121.0,16.0,15.0,16.0,16.0,0.08,0.35693215339233036,520,69,19.0,21.0,20.0,20.0,0.42,0.1326923076923077
517,Washington Unified,563.0,54.0,21.0,19.0,20.0,20.0,0.43,0.09591474245115453,520,69,19.0,21.0,20.0,20.0,0.42,0.1326923076923077
518,Winters Joint Unified,119.0,6.0,,,,,,0.05042016806722689,143,10,,,,,,0.06993006993006994
519,Woodland Joint Unified,767.0,139.0,20.0,19.0,19.0,20.0,0.38,0.18122555410691005,749,78,20.0,21.0,20.0,20.0,0.45,0.1041388518024032
520,Yuba County Office of Education,166.0,0.0,,,,,,0.0,88,0,,,,,,0.0
521,Camptonville Elementary,42.0,4.0,,,,,,0.09523809523809523,44,3,,,,,,0.06818181818181818
522,Marysville Joint Unified,602.0,42.0,20.0,18.0,19.0,19.0,0.4,0.06976744186046512,641,28,22.0,23.0,21.0,22.0,0.54,0.0436817472698908
523,Wheatland Union High,167.0,18.0,23.0,21.0,21.0,22.0,0.56,0.10778443113772455,219,8,,,,,,0.0365296803652968
