,district,students_in_grade_12_19,act_test_takers_19,act_read_19,act_eng_19,act_math_19,act_sci_19,act_comp_over_21_19,act_19_participation,score,education_spend_per_student,avg_household_income,african_american,am_indian_or_alaska_native,asian,filipino,hispanic_or_latino,pacific_islander,white,two_or_more_races,not_reported
1,Alameda Unified,919.0,155.0,27.0,26.0,26.0,25.0,0.86,0.16866158868335146,32.25,13436.0,104756.0,0.065,0.003,0.253,0.055,0.182,0.006,0.276,0.132,0.027999999999999997
2,Albany City Unified,307.0,58.0,28.0,27.0,27.0,26.0,0.88,0.18892508143322476,20.89,13548.0,95783.0,0.034,0.002,0.28800000000000003,0.011000000000000001,0.165,0.001,0.28800000000000003,0.14,0.07200000000000001
3,Berkeley Unified,820.0,227.0,26.0,25.0,25.0,24.0,0.73,0.27682926829268295,32.14,17280.0,85444.0,0.127,0.003,0.083,0.008,0.221,0.001,0.413,0.141,0.001
4,Castro Valley Unified,737.0,106.0,26.0,25.0,25.0,25.0,0.77,0.14382632293080055,34.46,11860.0,114277.0,0.049,0.001,0.295,0.046,0.23399999999999999,0.004,0.243,0.1,0.027999999999999997
6,Fremont Unified,2537.0,511.0,29.0,30.0,30.0,29.0,0.93,0.20141899881750097,58.64,11629.0,133339.0,0.018000000000000002,0.003,0.6579999999999999,0.047,0.142,0.006,0.09,0.03,0.008
7,Hayward Unified,1601.0,256.0,19.0,19.0,19.0,19.0,0.36,0.1599000624609619,14.72,14523.0,86336.0,0.078,0.002,0.084,0.07,0.647,0.032,0.045,0.04,0.004
8,Livermore Valley Joint Unified,1128.0,249.0,26.0,25.0,25.0,25.0,0.81,0.22074468085106383,55.38,12373.0,127200.0,0.012,0.004,0.10300000000000001,0.028999999999999998,0.32,0.003,0.441,0.086,0.002
9,Newark Unified,460.0,31.0,22.0,22.0,22.0,22.0,0.71,0.06739130434782609,44.09,12769.0,116856.0,0.028999999999999998,0.003,0.16699999999999998,0.09,0.521,0.018000000000000002,0.105,0.052000000000000005,0.016
10,New Haven Unified,1043.0,132.0,24.0,23.0,24.0,24.0,0.68,0.12655800575263662,34.82,12269.0,112496.0,0.046,0.006,0.259,0.192,0.373,0.016,0.059000000000000004,0.05,0.0
11,Oakland Unified,3663.0,809.0,19.0,18.0,19.0,19.0,0.34,0.22085722085722087,5.1,15652.0,73561.0,0.217,0.002,0.115,0.008,0.478,0.008,0.098,0.051,0.022000000000000002
12,Piedmont City Unified,231.0,116.0,30.0,31.0,29.0,29.0,0.95,0.5021645021645021,222.24,17680.0,224205.0,0.015,0.0,0.133,0.008,0.096,0.0,0.564,0.183,0.001
13,San Leandro Unified,754.0,78.0,22.0,21.0,21.0,22.0,0.56,0.10344827586206896,6.72,12979.0,78181.0,0.11699999999999999,0.002,0.17,0.066,0.486,0.01,0.08,0.053,0.015
14,San Lorenzo Unified,1099.0,189.0,21.0,21.0,21.0,21.0,0.49,0.17197452229299362,0.31,13748.0,79082.0,0.08199999999999999,0.003,0.161,0.067,0.5660000000000001,0.016,0.067,0.031,0.006999999999999999
15,Dublin Unified,695.0,216.0,28.0,28.0,28.0,27.0,0.87,0.3107913669064748,76.64,10903.0,150299.0,0.028999999999999998,0.001,0.58,0.05,0.09300000000000001,0.004,0.17,0.073,0.001
16,Pleasanton Unified,1251.0,476.0,29.0,29.0,28.0,28.0,0.91,0.38049560351718625,92.66,12065.0,156342.0,0.013999999999999999,0.001,0.475,0.018000000000000002,0.1,0.002,0.33,0.055,0.006
18,Amador County Unified,290.0,37.0,24.0,23.0,23.0,22.0,0.78,0.12758620689655173,48.41,9890.0,62772.0,0.004,0.021,0.004,0.005,0.231,0.002,0.6559999999999999,0.069,0.008
21,Chico Unified,1175.0,137.0,24.0,23.0,24.0,24.0,0.72,0.11659574468085106,32.0,13350.0,57611.0,0.021,0.012,0.045,0.005,0.256,0.004,0.574,0.062,0.021
24,Oroville Union High,521.0,33.0,21.0,19.0,20.0,20.0,0.39,0.06333973128598848,48.88,13883.0,42445.0,0.040999999999999995,0.078,0.127,0.006,0.21899999999999997,0.004,0.483,0.035,0.009000000000000001
25,Paradise Unified,328.0,23.0,23.0,21.0,24.0,23.0,0.74,0.0701219512195122,49.16,12089.0,51214.0,0.006,0.017,0.005,0.004,0.135,0.0,0.768,0.065,0.001
26,Gridley Unified,175.0,15.0,22.0,22.0,24.0,22.0,0.6,0.08571428571428572,42.64,12109.0,55942.0,0.005,0.002,0.025,0.0,0.5760000000000001,0.001,0.34,0.01,0.039
29,Calaveras Unified,216.0,19.0,25.0,22.0,24.0,23.0,0.84,0.08796296296296297,28.76,12559.0,63967.0,0.006999999999999999,0.016,0.006999999999999999,0.004,0.231,0.0,0.664,0.065,0.006999999999999999
32,Pierce Joint Unified,107.0,16.0,19.0,17.0,19.0,19.0,0.31,0.14953271028037382,41.82,11147.0,61359.0,0.009000000000000001,0.001,0.012,0.002,0.7829999999999999,0.001,0.17300000000000001,0.013000000000000001,0.005
35,Acalanes Union High,1408.0,539.0,29.0,28.0,27.0,27.0,0.9,0.3828125,77.56,15267.0,129146.0,0.016,0.002,0.14,0.022000000000000002,0.10300000000000001,0.001,0.637,0.07,0.009000000000000001
36,Antioch Unified,1543.0,117.0,22.0,20.0,20.0,20.0,0.42,0.07582631237848347,6.29,13551.0,75642.0,0.244,0.006,0.042,0.045,0.47600000000000003,0.015,0.121,0.051,0.001
39,Liberty Union High,2138.0,284.0,24.0,23.0,22.0,23.0,0.64,0.13283442469597756,29.63,12113.0,109430.0,0.086,0.006,0.049,0.055999999999999994,0.368,0.006999999999999999,0.37200000000000005,0.048,0.008
40,Martinez Unified,349.0,42.0,25.0,23.0,24.0,23.0,0.74,0.12034383954154727,15.68,11803.0,100658.0,0.026000000000000002,0.002,0.035,0.03,0.31,0.004,0.462,0.11,0.02
41,Mt. Diablo Unified,2145.0,323.0,25.0,25.0,25.0,24.0,0.75,0.15058275058275059,23.19,13284.0,98809.0,0.031,0.001,0.078,0.044000000000000004,0.43,0.006,0.28300000000000003,0.079,0.049
42,Pittsburg Unified,840.0,155.0,19.0,19.0,19.0,19.0,0.29,0.18452380952380953,19.4,13431.0,66535.0,0.158,0.002,0.032,0.05,0.649,0.012,0.049,0.045,0.004
43,West Contra Costa Unified,2520.0,475.0,19.0,18.0,18.0,18.0,0.27,0.1884920634920635,2.49,14231.0,78737.0,0.134,0.002,0.1,0.048,0.562,0.005,0.10099999999999999,0.047,0.002
44,San Ramon Valley Unified,2652.0,1077.0,28.0,28.0,27.0,27.0,0.9,0.4061085972850679,108.78,11378.0,171717.0,0.017,0.003,0.40299999999999997,0.037000000000000005,0.08900000000000001,0.002,0.364,0.084,0.0
49,El Dorado Union High,1609.0,403.0,25.0,25.0,25.0,24.0,0.8,0.2504661280298322,5.97,12260.0,91182.0,0.01,0.009000000000000001,0.053,0.013999999999999999,0.17600000000000002,0.003,0.6759999999999999,0.055999999999999994,0.002
50,Lake Tahoe Unified,275.0,54.0,23.0,22.0,22.0,22.0,0.59,0.19636363636363635,33.54,13165.0,57396.0,0.004,0.003,0.013000000000000001,0.032,0.445,0.002,0.462,0.032,0.008
53,Clovis Unified,3305.0,479.0,25.0,24.0,24.0,24.0,0.75,0.1449319213313162,8.38,11404.0,84832.0,0.032,0.006,0.14800000000000002,0.022000000000000002,0.392,0.003,0.36200000000000004,0.035,0.0
56,Fresno Unified,4593.0,574.0,20.0,19.0,19.0,19.0,0.35,0.12497278467232746,44.87,14625.0,41704.0,0.08,0.006,0.107,0.004,0.687,0.004,0.08800000000000001,0.025,0.0
57,Kingsburg Joint Union High,276.0,41.0,23.0,21.0,22.0,21.0,0.63,0.14855072463768115,25.81,12350.0,67198.0,0.001,0.003,0.024,0.002,0.618,0.0,0.33399999999999996,0.018000000000000002,0.0
58,Kings Canyon Joint Unified,619.0,169.0,19.0,17.0,18.0,18.0,0.2,0.2730210016155089,49.5,13273.0,45038.0,0.002,0.003,0.006,0.005,0.8909999999999999,0.0,0.08199999999999999,0.01,0.0
61,Parlier Unified,232.0,33.0,18.0,16.0,18.0,18.0,0.24,0.14224137931034483,56.01,14179.0,35680.0,0.001,0.004,0.001,0.0,0.982,0.0,0.008,0.0,0.003
63,Sanger Unified,850.0,62.0,21.0,19.0,20.0,21.0,0.44,0.07294117647058823,21.93,12337.0,70134.0,0.011000000000000001,0.002,0.12,0.004,0.695,0.002,0.12300000000000001,0.027000000000000003,0.017
67,Firebaugh-Las Deltas Unified,170.0,31.0,16.0,15.0,16.0,17.0,0.1,0.18235294117647058,48.98,14738.0,38094.0,0.0,0.0,0.002,0.0,0.963,0.002,0.032,0.0,0.0
68,Central Unified,1096.0,37.0,22.0,21.0,20.0,22.0,0.54,0.03375912408759124,32.81,11995.0,63792.0,0.084,0.004,0.15,0.009000000000000001,0.607,0.002,0.127,0.017,0.0
69,Kerman Unified,416.0,38.0,22.0,21.0,21.0,23.0,0.47,0.09134615384615384,55.23,11744.0,48445.0,0.005,0.004,0.044000000000000004,0.0,0.872,0.0,0.071,0.004,0.0
70,Mendota Unified,234.0,82.0,16.0,15.0,17.0,16.0,0.09,0.3504273504273504,72.64,12746.0,30542.0,0.001,0.0,0.006999999999999999,0.0,0.975,0.0,0.015,0.001,0.002
71,Golden Plains Unified,125.0,19.0,15.0,14.0,15.0,15.0,0.0,0.152,36.14,16317.0,39702.0,0.006999999999999999,0.001,0.005,0.0,0.973,0.0,0.001,0.0,0.013000000000000001
73,Riverdale Joint Unified,127.0,50.0,16.0,15.0,18.0,18.0,0.14,0.3937007874015748,37.01,14576.0,47768.0,0.006,0.003,0.005,0.0,0.872,0.0,0.114,0.001,0.0
79,Orland Joint Unified,177.0,37.0,23.0,21.0,19.0,21.0,0.46,0.20903954802259886,50.8,12312.0,48881.0,0.004,0.009000000000000001,0.02,0.002,0.662,0.0,0.29100000000000004,0.009000000000000001,0.001
80,Hamilton Unified,90.0,30.0,18.0,18.0,18.0,19.0,0.23,0.3333333333333333,48.56,12535.0,49423.0,0.001,0.004,0.01,0.0,0.8690000000000001,0.0,0.076,0.006,0.034
82,Northern Humboldt Union High,424.0,49.0,27.0,26.0,25.0,26.0,0.88,0.11556603773584906,39.33,14340.0,47230.0,0.009000000000000001,0.049,0.015,0.001,0.139,0.005,0.665,0.091,0.026000000000000002
83,Fortuna Union High,274.0,24.0,24.0,22.0,23.0,22.0,0.54,0.08759124087591241,46.46,13320.0,47053.0,0.004,0.044000000000000004,0.011000000000000001,0.002,0.27,0.001,0.602,0.064,0.003
88,Eureka City Schools,347.0,23.0,24.0,22.0,23.0,22.0,0.7,0.06628242074927954,51.35,12986.0,45100.0,0.019,0.057,0.114,0.005,0.24100000000000002,0.013999999999999999,0.442,0.107,0.001
90,Brawley Union High,471.0,115.0,19.0,18.0,18.0,18.0,0.3,0.24416135881104034,47.62,14081.0,42384.0,0.009000000000000001,0.0,0.004,0.003,0.937,0.0,0.043,0.003,0.0
91,Calexico Unified,879.0,90.0,20.0,19.0,21.0,20.0,0.39,0.10238907849829351,46.92,13961.0,43504.0,0.001,0.0,0.002,0.0,0.991,0.0,0.004,0.0,0.002
92,Calipatria Unified,91.0,19.0,20.0,21.0,19.0,20.0,0.47,0.2087912087912088,53.92,15099.0,32625.0,0.02,0.0,0.001,0.004,0.895,0.0,0.073,0.006999999999999999,0.0
93,Central Union High,958.0,172.0,19.0,18.0,19.0,19.0,0.34,0.17954070981210857,41.9,13804.0,48005.0,0.006,0.002,0.006,0.001,0.953,0.0,0.028999999999999998,0.002,0.001
94,Holtville Unified,151.0,29.0,20.0,18.0,20.0,19.0,0.31,0.19205298013245034,39.27,13842.0,49766.0,0.002,0.001,0.0,0.001,0.868,0.001,0.11699999999999999,0.009000000000000001,0.001
95,Imperial Unified,279.0,65.0,23.0,22.0,21.0,22.0,0.54,0.23297491039426524,9.61,11762.0,82136.0,0.01,0.0,0.006999999999999999,0.008,0.866,0.0,0.096,0.006999999999999999,0.006
99,Bishop Unified,158.0,27.0,23.0,22.0,22.0,22.0,0.7,0.17088607594936708,33.45,11871.0,63934.0,0.004,0.157,0.008,0.001,0.395,0.001,0.35700000000000004,0.068,0.01
101,Delano Joint Union High,1004.0,194.0,19.0,18.0,20.0,19.0,0.36,0.19322709163346613,47.94,14460.0,40251.0,0.004,0.001,0.008,0.09,0.878,0.001,0.015,0.003,0.0
102,Kern High,10175.0,741.0,22.0,20.0,21.0,21.0,0.49,0.07282555282555282,31.89,14008.0,54398.0,0.055999999999999994,0.006,0.028999999999999998,0.012,0.69,0.003,0.185,0.011000000000000001,0.008
104,Mojave Unified,143.0,31.0,17.0,14.0,16.0,16.0,0.1,0.21678321678321677,53.01,12854.0,44535.0,0.306,0.003,0.006999999999999999,0.002,0.47600000000000003,0.003,0.146,0.052000000000000005,0.003
107,Taft Union High,238.0,35.0,21.0,18.0,19.0,19.0,0.31,0.14705882352941177,9.03,23039.0,39520.0,0.006,0.004,0.003,0.003,0.561,0.002,0.408,0.008,0.005
109,Wasco Union High,453.0,71.0,19.0,18.0,20.0,20.0,0.34,0.15673289183222958,63.09,12441.0,39137.0,0.012,0.0,0.002,0.001,0.943,0.0,0.042,0.0,0.001
110,Sierra Sands Unified,353.0,15.0,27.0,26.0,27.0,26.0,0.93,0.042492917847025496,24.73,12280.0,68347.0,0.052000000000000005,0.012,0.025,0.018000000000000002,0.304,0.006,0.542,0.039,0.001
115,Corcoran Joint Unified,187.0,40.0,18.0,17.0,18.0,19.0,0.25,0.21390374331550802,59.26,13054.0,38906.0,0.025,0.002,0.004,0.003,0.917,0.001,0.046,0.001,0.001
116,Hanford Joint Union High,897.0,45.0,22.0,21.0,20.0,21.0,0.56,0.05016722408026756,30.9,12744.0,61455.0,0.033,0.004,0.013000000000000001,0.015,0.6940000000000001,0.002,0.204,0.03,0.005
118,Lemoore Union High,527.0,84.0,21.0,19.0,19.0,19.0,0.35,0.15939278937381404,31.93,12518.0,61824.0,0.039,0.027000000000000003,0.009000000000000001,0.039,0.589,0.006,0.237,0.054000000000000006,0.0
119,Reef-Sunset Unified,165.0,112.0,16.0,14.0,15.0,16.0,0.04,0.6787878787878788,49.21,13896.0,42136.0,0.0,0.001,0.005,0.0,0.971,0.001,0.021,0.0,0.0
120,Kelseyville Unified,129.0,18.0,19.0,19.0,19.0,18.0,0.39,0.13953488372093023,30.03,14408.0,53778.0,0.006,0.026000000000000002,0.001,0.005,0.441,0.0,0.457,0.061,0.003
121,Konocti Unified,211.0,16.0,22.0,20.0,18.0,20.0,0.38,0.07582938388625593,64.03,13008.0,35601.0,0.024,0.026000000000000002,0.003,0.002,0.48700000000000004,0.0,0.375,0.07,0.011000000000000001
124,Upper Lake Unified,83.0,18.0,18.0,16.0,17.0,17.0,0.22,0.21686746987951808,43.49,13171.0,50000.0,0.006999999999999999,0.073,0.012,0.001,0.33,0.0,0.527,0.046,0.005
126,Lassen Union High,190.0,27.0,22.0,21.0,21.0,21.0,0.56,0.14210526315789473,30.98,12816.0,61034.0,0.012,0.044000000000000004,0.006999999999999999,0.006999999999999999,0.20800000000000002,0.017,0.618,0.071,0.016
131,Antelope Valley Union High,5657.0,339.0,21.0,20.0,19.0,20.0,0.44,0.059925755700901535,28.34,13693.0,58602.0,0.16399999999999998,0.002,0.012,0.013999999999999999,0.648,0.001,0.111,0.047,0.001
132,Arcadia Unified,857.0,192.0,28.0,29.0,28.0,27.0,0.91,0.22403733955659277,11.57,12188.0,95684.0,0.017,0.001,0.647,0.032,0.161,0.001,0.107,0.027000000000000003,0.006999999999999999
133,Azusa Unified,668.0,49.0,19.0,19.0,19.0,20.0,0.35,0.07335329341317365,2.08,15088.0,71068.0,0.01,0.001,0.013999999999999999,0.013000000000000001,0.922,0.0,0.028999999999999998,0.005,0.006
134,Baldwin Park Unified,1702.0,222.0,20.0,19.0,20.0,19.0,0.4,0.13043478260869565,12.64,14543.0,65978.0,0.036000000000000004,0.002,0.053,0.013999999999999999,0.845,0.002,0.031,0.008,0.009000000000000001
135,Bassett Unified,285.0,21.0,23.0,22.0,22.0,22.0,0.57,0.07368421052631578,14.38,13621.0,69300.0,0.006,0.001,0.04,0.013999999999999999,0.93,0.0,0.008,0.0,0.0
136,Bellflower Unified,953.0,31.0,25.0,24.0,22.0,23.0,0.74,0.03252885624344176,20.42,13391.0,65982.0,0.125,0.004,0.038,0.044000000000000004,0.662,0.01,0.083,0.028999999999999998,0.006
137,Beverly Hills Unified,424.0,91.0,28.0,29.0,27.0,26.0,0.86,0.21462264150943397,77.88,19769.0,106857.0,0.025,0.002,0.114,0.006,0.086,0.002,0.6890000000000001,0.054000000000000006,0.022000000000000002
138,Bonita Unified,865.0,157.0,23.0,22.0,22.0,22.0,0.62,0.1815028901734104,5.69,11358.0,87054.0,0.024,0.001,0.066,0.023,0.546,0.001,0.245,0.062,0.031
139,Burbank Unified,1331.0,176.0,26.0,25.0,25.0,24.0,0.8,0.1322314049586777,16.14,12056.0,75827.0,0.025,0.002,0.055999999999999994,0.036000000000000004,0.32899999999999996,0.001,0.475,0.053,0.023
140,Centinela Valley Union High,1875.0,186.0,18.0,17.0,17.0,18.0,0.16,0.0992,15.12,16522.0,54242.0,0.147,0.002,0.023,0.008,0.767,0.008,0.018000000000000002,0.025,0.003
141,Charter Oak Unified,404.0,38.0,22.0,21.0,22.0,22.0,0.66,0.09405940594059406,2.88,12980.0,81022.0,0.025,0.005,0.049,0.026000000000000002,0.711,0.001,0.15,0.031,0.0
142,Claremont Unified,616.0,139.0,25.0,24.0,24.0,24.0,0.74,0.22564935064935066,13.58,12213.0,97052.0,0.044000000000000004,0.002,0.10400000000000001,0.016,0.441,0.001,0.313,0.062,0.016
143,Covina-Valley Unified,1066.0,72.0,21.0,20.0,20.0,20.0,0.4,0.0675422138836773,7.78,13698.0,73801.0,0.027000000000000003,0.003,0.069,0.03,0.7879999999999999,0.002,0.069,0.012,0.002
144,Culver City Unified,556.0,148.0,24.0,24.0,22.0,23.0,0.64,0.26618705035971224,9.09,11949.0,95044.0,0.11599999999999999,0.001,0.106,0.015,0.371,0.003,0.258,0.12,0.009000000000000001
145,Downey Unified,2147.0,135.0,23.0,22.0,23.0,22.0,0.67,0.06287843502561714,8.08,13423.0,74957.0,0.028999999999999998,0.001,0.018000000000000002,0.008,0.89,0.002,0.045,0.006999999999999999,0.0
146,Duarte Unified,405.0,59.0,23.0,23.0,21.0,21.0,0.53,0.145679012345679,1.68,14365.0,74984.0,0.05,0.001,0.057999999999999996,0.028999999999999998,0.672,0.002,0.125,0.036000000000000004,0.027000000000000003
147,El Monte Union High,2308.0,302.0,21.0,20.0,21.0,20.0,0.47,0.13084922010398614,25.52,15285.0,52729.0,0.003,0.0,0.196,0.006,0.7809999999999999,0.0,0.011000000000000001,0.002,0.002
148,El Rancho Unified,731.0,218.0,19.0,18.0,19.0,19.0,0.28,0.2982216142270862,19.31,13058.0,68467.0,0.005,0.0,0.004,0.004,0.9740000000000001,0.001,0.01,0.003,0.0
149,El Segundo Unified,319.0,109.0,25.0,25.0,24.0,24.0,0.72,0.34169278996865204,26.38,11604.0,109577.0,0.039,0.002,0.076,0.015,0.22399999999999998,0.003,0.484,0.156,0.0
150,Glendale Unified,1978.0,221.0,26.0,26.0,26.0,25.0,0.84,0.11172901921132457,22.17,12505.0,69114.0,0.011000000000000001,0.001,0.113,0.045,0.2,0.001,0.593,0.035,0.0
151,Glendora Unified,639.0,79.0,25.0,23.0,24.0,23.0,0.84,0.12363067292644757,8.67,11441.0,97274.0,0.012,0.002,0.10400000000000001,0.023,0.456,0.001,0.34600000000000003,0.055,0.0
153,Hawthorne,112.0,112.0,20.0,20.0,21.0,19.0,0.44,1.0,42.17,13250.0,50580.0,0.201,0.004,0.023,0.013999999999999999,0.716,0.011000000000000001,0.021,0.006,0.004
154,Inglewood Unified,695.0,227.0,17.0,16.0,17.0,17.0,0.16,0.32661870503597124,24.69,14601.0,56766.0,0.376,0.006,0.005,0.002,0.589,0.005,0.005,0.008,0.005
155,La Canada Unified,347.0,138.0,29.0,29.0,29.0,28.0,0.94,0.3976945244956772,133.01,12010.0,186500.0,0.006,0.001,0.305,0.02,0.115,0.0,0.446,0.10400000000000001,0.005
156,Las Virgenes Unified,986.0,322.0,27.0,27.0,25.0,25.0,0.84,0.3265720081135903,55.45,11420.0,132023.0,0.019,0.005,0.064,0.009000000000000001,0.127,0.001,0.7070000000000001,0.057,0.011000000000000001
157,Lawndale Elementary,126.0,96.0,17.0,17.0,18.0,17.0,0.2,0.7619047619047619,4.3,16218.0,63773.0,0.099,0.0,0.047,0.006999999999999999,0.763,0.006999999999999999,0.044000000000000004,0.017,0.016
158,Lennox,296.0,232.0,17.0,16.0,17.0,17.0,0.17,0.7837837837837838,31.31,14978.0,49978.0,0.01,0.001,0.003,0.001,0.943,0.002,0.005,0.0,0.035
159,Long Beach Unified,5929.0,582.0,23.0,22.0,22.0,22.0,0.57,0.0981615786810592,22.05,13175.0,65851.0,0.126,0.002,0.07400000000000001,0.032,0.5820000000000001,0.012,0.125,0.043,0.005
160,Los Angeles Unified,41873.0,9336.0,19.0,18.0,19.0,19.0,0.3,0.22295990256251044,10.41,15793.0,61375.0,0.076,0.002,0.036000000000000004,0.019,0.742,0.002,0.102,0.016,0.005
161,Lynwood Unified,1072.0,160.0,18.0,17.0,17.0,17.0,0.18,0.14925373134328357,38.88,13451.0,52007.0,0.047,0.001,0.002,0.0,0.94,0.002,0.006,0.001,0.0
162,Monrovia Unified,473.0,53.0,21.0,19.0,19.0,19.0,0.3,0.11205073995771671,1.61,13518.0,79271.0,0.047,0.002,0.063,0.026000000000000002,0.645,0.001,0.174,0.043,0.0
163,Montebello Unified,2333.0,276.0,19.0,18.0,18.0,19.0,0.27,0.11830261465923704,34.43,13993.0,52592.0,0.003,0.002,0.02,0.004,0.953,0.001,0.011000000000000001,0.002,0.005
164,Norwalk-La Mirada Unified,1403.0,171.0,19.0,18.0,18.0,19.0,0.33,0.12188168210976479,0.39,13962.0,77957.0,0.023,0.002,0.043,0.027999999999999997,0.797,0.004,0.071,0.019,0.012
165,Palmdale Elementary,402.0,31.0,21.0,21.0,20.0,21.0,0.48,0.07711442786069651,31.19,13697.0,56472.0,0.136,0.006,0.005,0.006999999999999999,0.7709999999999999,0.002,0.052000000000000005,0.018000000000000002,0.002
166,Palos Verdes Peninsula Unified,1118.0,426.0,27.0,28.0,27.0,26.0,0.88,0.3810375670840787,89.27,12484.0,151740.0,0.02,0.002,0.27899999999999997,0.021,0.141,0.002,0.42700000000000005,0.09699999999999999,0.012
167,Paramount Unified,1281.0,61.0,21.0,21.0,21.0,22.0,0.57,0.047619047619047616,25.66,13949.0,59304.0,0.077,0.001,0.008,0.004,0.883,0.006,0.01,0.009000000000000001,0.001
168,Pasadena Unified,1544.0,166.0,22.0,21.0,21.0,21.0,0.53,0.10751295336787564,12.96,14190.0,86695.0,0.111,0.002,0.054000000000000006,0.019,0.578,0.002,0.191,0.037000000000000005,0.005
169,Pomona Unified,1897.0,266.0,19.0,18.0,18.0,19.0,0.31,0.14022140221402213,10.84,15089.0,64578.0,0.04,0.002,0.036000000000000004,0.01,0.865,0.002,0.028999999999999998,0.009000000000000001,0.006999999999999999
170,San Marino Unified,275.0,95.0,28.0,29.0,29.0,27.0,0.91,0.34545454545454546,108.59,14406.0,156429.0,0.006999999999999999,0.002,0.586,0.019,0.04,0.001,0.22699999999999998,0.113,0.006
171,Santa Monica-Malibu Unified,899.0,280.0,27.0,26.0,25.0,25.0,0.79,0.3114571746384872,48.97,16566.0,101476.0,0.061,0.002,0.062,0.006999999999999999,0.295,0.002,0.495,0.069,0.008
172,South Pasadena Unified,370.0,93.0,28.0,27.0,27.0,27.0,0.84,0.25135135135135134,17.16,11279.0,104370.0,0.015,0.001,0.32799999999999996,0.025,0.23199999999999998,0.0,0.249,0.127,0.023
173,Temple City Unified,518.0,90.0,27.0,27.0,27.0,26.0,0.89,0.17374517374517376,22.12,11524.0,74057.0,0.005,0.001,0.645,0.018000000000000002,0.223,0.002,0.062,0.04,0.003
174,Torrance Unified,2115.0,440.0,25.0,24.0,25.0,24.0,0.76,0.20803782505910165,2.03,11194.0,93597.0,0.040999999999999995,0.001,0.28800000000000003,0.05,0.32,0.004,0.201,0.087,0.006
175,West Covina Unified,1194.0,42.0,24.0,24.0,23.0,23.0,0.69,0.035175879396984924,17.01,14780.0,86748.0,0.078,0.004,0.09,0.033,0.6709999999999999,0.004,0.10300000000000001,0.016,0.002
176,Whittier Union High,3048.0,390.0,20.0,20.0,20.0,20.0,0.43,0.1279527559055118,9.45,15862.0,75733.0,0.013000000000000001,0.002,0.013999999999999999,0.012,0.892,0.002,0.061,0.002,0.001
177,William S. Hart Union High,4252.0,748.0,26.0,25.0,24.0,24.0,0.78,0.17591721542803387,21.78,11989.0,104240.0,0.039,0.002,0.07400000000000001,0.05,0.42200000000000004,0.002,0.364,0.045,0.002
178,Compton Unified,1361.0,795.0,16.0,14.0,16.0,15.0,0.07,0.5841293166789125,23.51,15206.0,54613.0,0.193,0.002,0.001,0.0,0.7829999999999999,0.005,0.002,0.004,0.01
180,Rowland Unified,1186.0,119.0,22.0,21.0,21.0,21.0,0.49,0.10033726812816189,4.33,13586.0,76914.0,0.027000000000000003,0.001,0.201,0.067,0.6409999999999999,0.003,0.037000000000000005,0.016,0.006999999999999999
181,Walnut Valley Unified,1424.0,316.0,28.0,28.0,28.0,27.0,0.87,0.22191011235955055,16.19,11162.0,104237.0,0.013999999999999999,0.0,0.601,0.057999999999999996,0.226,0.004,0.055999999999999994,0.039,0.001
182,San Gabriel Unified,619.0,72.0,27.0,28.0,26.0,26.0,0.88,0.11631663974151858,13.16,13559.0,70511.0,0.013999999999999999,0.001,0.46299999999999997,0.019,0.40700000000000003,0.002,0.051,0.023,0.019
184,Manhattan Beach Unified,610.0,269.0,28.0,28.0,27.0,27.0,0.91,0.44098360655737706,107.33,14901.0,153023.0,0.011000000000000001,0.001,0.10800000000000001,0.012,0.124,0.001,0.598,0.138,0.006
185,Redondo Beach Unified,757.0,267.0,24.0,24.0,23.0,24.0,0.72,0.3527080581241744,28.28,11081.0,113596.0,0.031,0.003,0.107,0.018000000000000002,0.242,0.001,0.446,0.14800000000000002,0.004
188,Alhambra Unified,1902.0,238.0,25.0,25.0,25.0,24.0,0.73,0.12513144058885384,20.86,14392.0,60647.0,0.006,0.001,0.501,0.024,0.409,0.001,0.021,0.027000000000000003,0.011000000000000001
189,Wiseburn Unified,428.0,120.0,20.0,20.0,19.0,20.0,0.36,0.2803738317757009,30.05,12098.0,109818.0,0.14,0.002,0.045,0.013000000000000001,0.532,0.005,0.163,0.073,0.027000000000000003
193,Chowchilla Union High,276.0,18.0,21.0,20.0,20.0,21.0,0.5,0.06521739130434782,40.67,12769.0,54094.0,0.006999999999999999,0.005,0.026000000000000002,0.003,0.659,0.001,0.28,0.02,0.0
194,Madera Unified,1296.0,271.0,18.0,17.0,18.0,18.0,0.24,0.20910493827160495,43.45,13001.0,50878.0,0.013000000000000001,0.005,0.012,0.002,0.9059999999999999,0.0,0.051,0.006999999999999999,0.005
195,Golden Valley Unified,172.0,17.0,23.0,24.0,22.0,22.0,0.71,0.09883720930232558,13.44,11241.0,81907.0,0.013999999999999999,0.01,0.037000000000000005,0.003,0.46399999999999997,0.0,0.441,0.025,0.004
196,Chawanakee Unified,154.0,32.0,22.0,20.0,20.0,20.0,0.53,0.2077922077922078,37.27,11561.0,62656.0,0.006,0.065,0.015,0.0,0.22899999999999998,0.001,0.603,0.055999999999999994,0.027000000000000003
197,Yosemite Unified,202.0,37.0,22.0,21.0,22.0,22.0,0.59,0.18316831683168316,20.74,12509.0,70156.0,0.005,0.033,0.02,0.003,0.21100000000000002,0.001,0.6579999999999999,0.065,0.004
199,Novato Unified,667.0,197.0,25.0,24.0,24.0,23.0,0.7,0.29535232383808097,32.56,13101.0,106657.0,0.023,0.008,0.052000000000000005,0.01,0.402,0.003,0.431,0.07,0.001
200,San Rafael City High,634.0,140.0,24.0,23.0,23.0,23.0,0.65,0.22082018927444794,31.7,14820.0,97421.0,0.013000000000000001,0.003,0.042,0.005,0.5770000000000001,0.002,0.33,0.026000000000000002,0.002
201,Tamalpais Union High,1233.0,412.0,29.0,29.0,26.0,26.0,0.91,0.33414436334144365,114.04,19565.0,134656.0,0.019,0.003,0.047,0.006,0.142,0.004,0.6990000000000001,0.043,0.037000000000000005
203,Mariposa County Unified,149.0,16.0,24.0,22.0,23.0,22.0,0.5,0.10738255033557047,41.92,13686.0,48586.0,0.005,0.039,0.009000000000000001,0.006,0.22,0.0,0.638,0.068,0.016
206,Fort Bragg Unified,119.0,24.0,25.0,24.0,22.0,23.0,0.71,0.20168067226890757,36.4,14147.0,50363.0,0.004,0.008,0.008,0.0,0.447,0.0,0.44299999999999995,0.057,0.031
210,Ukiah Unified,525.0,23.0,25.0,23.0,23.0,23.0,0.7,0.04380952380952381,35.05,13764.0,53277.0,0.006,0.051,0.009000000000000001,0.006,0.5329999999999999,0.0,0.35,0.04,0.004
215,Hilmar Unified,166.0,26.0,22.0,20.0,20.0,20.0,0.42,0.1566265060240964,33.48,12340.0,61569.0,0.003,0.006999999999999999,0.006999999999999999,0.001,0.444,0.001,0.526,0.008,0.002
216,Le Grand Union High,102.0,33.0,17.0,15.0,17.0,17.0,0.12,0.3235294117647059,36.75,15548.0,43096.0,0.004,0.002,0.0,0.002,0.94,0.0,0.045,0.002,0.006
217,Los Banos Unified,815.0,58.0,21.0,20.0,19.0,20.0,0.43,0.07116564417177915,35.68,11990.0,61691.0,0.015,0.003,0.009000000000000001,0.006999999999999999,0.8440000000000001,0.006,0.102,0.008,0.006
218,Merced Union High,2577.0,379.0,20.0,18.0,19.0,19.0,0.31,0.14707023670935196,34.48,14146.0,51793.0,0.037000000000000005,0.005,0.078,0.008,0.706,0.003,0.146,0.009000000000000001,0.008
219,Gustine Unified,155.0,28.0,20.0,19.0,17.0,19.0,0.29,0.18064516129032257,30.73,12810.0,61250.0,0.005,0.004,0.006,0.004,0.853,0.001,0.10400000000000001,0.013999999999999999,0.01
221,Delhi Unified,167.0,68.0,18.0,17.0,17.0,18.0,0.22,0.40718562874251496,27.32,13804.0,58800.0,0.001,0.002,0.025,0.001,0.9109999999999999,0.002,0.052000000000000005,0.004,0.003
222,Modoc Joint Unified,57.0,40.0,17.0,15.0,17.0,18.0,0.25,0.7017543859649122,60.77,11378.0,46169.0,0.011000000000000001,0.07200000000000001,0.006999999999999999,0.006999999999999999,0.184,0.005,0.6629999999999999,0.042,0.006999999999999999
223,Tulelake Basin Joint Unified,25.0,15.0,18.0,15.0,17.0,18.0,0.07,0.6,43.31,16216.0,34896.0,0.005,0.002,0.002,0.0,0.799,0.0,0.15,0.015,0.027000000000000003
226,Mammoth Unified,107.0,19.0,26.0,25.0,23.0,24.0,0.79,0.17757009345794392,28.89,12805.0,62639.0,0.002,0.002,0.009000000000000001,0.002,0.607,0.0,0.35600000000000004,0.022000000000000002,0.001
229,Carmel Unified,215.0,121.0,26.0,26.0,25.0,25.0,0.77,0.5627906976744186,88.29,24026.0,93269.0,0.005,0.001,0.047,0.005,0.195,0.001,0.628,0.10099999999999999,0.017
230,South Monterey County Joint Union High,557.0,88.0,18.0,17.0,17.0,17.0,0.16,0.15798922800718132,33.31,13241.0,57181.0,0.003,0.006999999999999999,0.003,0.006,0.941,0.002,0.038,0.002,0.0
231,Monterey Peninsula Unified,854.0,90.0,22.0,21.0,22.0,21.0,0.56,0.1053864168618267,17.6,12472.0,72666.0,0.055,0.005,0.046,0.045,0.614,0.022000000000000002,0.183,0.027999999999999997,0.003
232,Pacific Grove Unified,151.0,31.0,26.0,27.0,26.0,26.0,0.84,0.2052980132450331,41.87,17672.0,90683.0,0.024,0.011000000000000001,0.09300000000000001,0.022000000000000002,0.213,0.008,0.5870000000000001,0.03,0.011000000000000001
233,Salinas Union High,2683.0,516.0,19.0,18.0,19.0,19.0,0.33,0.19232202758106598,24.34,12953.0,65268.0,0.006999999999999999,0.001,0.009000000000000001,0.016,0.898,0.001,0.06,0.006,0.001
234,North Monterey County Unified,369.0,42.0,19.0,17.0,18.0,20.0,0.24,0.11382113821138211,3.83,13821.0,81786.0,0.002,0.002,0.003,0.006,0.8909999999999999,0.002,0.08900000000000001,0.004,0.002
235,Soledad Unified,403.0,69.0,18.0,16.0,17.0,18.0,0.2,0.17121588089330025,23.53,13498.0,63142.0,0.004,0.001,0.01,0.01,0.9490000000000001,0.001,0.021,0.003,0.0
236,Gonzales Unified,191.0,63.0,17.0,17.0,17.0,17.0,0.17,0.3298429319371728,15.46,14013.0,66543.0,0.002,0.004,0.0,0.004,0.9740000000000001,0.001,0.013000000000000001,0.002,0.0
239,Napa Valley Unified,1513.0,168.0,22.0,22.0,22.0,22.0,0.63,0.11103767349636484,3.2,12313.0,88859.0,0.021,0.002,0.024,0.068,0.564,0.002,0.27399999999999997,0.043,0.001
240,Saint Helena Unified,121.0,28.0,25.0,26.0,22.0,23.0,0.86,0.23140495867768596,114.47,28073.0,92404.0,0.004,0.003,0.011000000000000001,0.002,0.53,0.0,0.43700000000000006,0.013000000000000001,0.0
242,Nevada Joint Union High,700.0,63.0,25.0,24.0,25.0,24.0,0.76,0.09,11.64,15562.0,61621.0,0.009000000000000001,0.013999999999999999,0.011000000000000001,0.003,0.139,0.0,0.75,0.071,0.003
244,Anaheim Union High,5479.0,458.0,23.0,22.0,22.0,22.0,0.56,0.08359189633144734,14.19,13449.0,70303.0,0.021,0.001,0.135,0.040999999999999995,0.688,0.004,0.087,0.018000000000000002,0.003
245,Brea-Olinda Unified,506.0,121.0,26.0,26.0,26.0,26.0,0.9,0.2391304347826087,2.23,10352.0,94654.0,0.015,0.001,0.247,0.034,0.382,0.003,0.27699999999999997,0.04,0.002
246,Capistrano Unified,4805.0,1455.0,26.0,26.0,26.0,25.0,0.85,0.3028095733610822,28.42,10665.0,115783.0,0.013999999999999999,0.002,0.066,0.019,0.27399999999999997,0.001,0.524,0.076,0.024
247,Fullerton Joint Union High,3550.0,519.0,26.0,26.0,26.0,25.0,0.81,0.14619718309859156,8.97,12063.0,81100.0,0.018000000000000002,0.002,0.185,0.035,0.584,0.003,0.135,0.037000000000000005,0.001
248,Garden Grove Unified,3627.0,615.0,22.0,22.0,22.0,21.0,0.57,0.1695616211745244,15.49,13564.0,68762.0,0.006,0.001,0.354,0.011000000000000001,0.53,0.004,0.067,0.015,0.012
249,Huntington Beach Union High,4150.0,584.0,25.0,25.0,25.0,24.0,0.79,0.14072289156626505,5.65,12816.0,88159.0,0.009000000000000001,0.003,0.28,0.013000000000000001,0.289,0.004,0.349,0.045,0.008
250,Laguna Beach Unified,295.0,165.0,26.0,27.0,26.0,26.0,0.9,0.559322033898305,115.79,20919.0,129175.0,0.009000000000000001,0.002,0.049,0.01,0.12,0.0,0.715,0.08199999999999999,0.013999999999999999
251,Newport-Mesa Unified,1817.0,628.0,26.0,26.0,25.0,25.0,0.77,0.3456246560264172,39.11,15125.0,101383.0,0.008,0.001,0.048,0.008,0.46299999999999997,0.005,0.41200000000000003,0.05,0.005
252,Orange Unified,2261.0,255.0,25.0,25.0,24.0,24.0,0.77,0.11278195488721804,11.98,11918.0,97336.0,0.013000000000000001,0.002,0.099,0.019,0.5660000000000001,0.003,0.255,0.032,0.011000000000000001
253,Placentia-Yorba Linda Unified,2162.0,436.0,24.0,23.0,24.0,23.0,0.68,0.20166512488436633,13.79,11385.0,101349.0,0.012,0.002,0.172,0.024,0.442,0.002,0.307,0.039,0.0
254,Santa Ana Unified,4128.0,1162.0,20.0,19.0,20.0,19.0,0.35,0.2814922480620155,8.8,14679.0,68140.0,0.002,0.003,0.02,0.002,0.9590000000000001,0.002,0.009000000000000001,0.003,0.001
255,Saddleback Valley Unified,2410.0,479.0,25.0,25.0,25.0,25.0,0.78,0.1987551867219917,15.39,11797.0,100470.0,0.012,0.001,0.087,0.035,0.373,0.002,0.40399999999999997,0.07400000000000001,0.012
256,Tustin Unified,1992.0,544.0,25.0,25.0,25.0,24.0,0.74,0.27309236947791166,1.66,11031.0,91676.0,0.016,0.001,0.207,0.023,0.466,0.003,0.22899999999999998,0.05,0.005
257,Irvine Unified,2552.0,780.0,28.0,29.0,29.0,28.0,0.92,0.3056426332288401,21.74,11451.0,106905.0,0.019,0.001,0.48100000000000004,0.027999999999999997,0.11699999999999999,0.002,0.256,0.09,0.005
258,Los Alamitos Unified,759.0,262.0,26.0,27.0,26.0,25.0,0.82,0.3451910408432148,4.91,11866.0,85092.0,0.025,0.001,0.14,0.027999999999999997,0.27699999999999997,0.006999999999999999,0.43,0.08800000000000001,0.005
262,Placer Union High,1002.0,213.0,24.0,23.0,24.0,24.0,0.71,0.2125748502994012,3.76,12944.0,80554.0,0.006999999999999999,0.008,0.013999999999999999,0.006,0.15,0.001,0.7509999999999999,0.049,0.013000000000000001
263,Roseville Joint Union High,2555.0,611.0,25.0,24.0,24.0,24.0,0.78,0.2391389432485323,9.79,12476.0,92924.0,0.035,0.006999999999999999,0.095,0.039,0.201,0.006,0.555,0.046,0.016
264,Tahoe-Truckee Unified,303.0,78.0,26.0,25.0,25.0,25.0,0.85,0.25742574257425743,35.42,18822.0,80154.0,0.003,0.002,0.005,0.0,0.36,0.001,0.585,0.036000000000000004,0.006999999999999999
265,Western Placer Unified,745.0,65.0,24.0,23.0,21.0,23.0,0.63,0.087248322147651,6.81,11111.0,87463.0,0.022000000000000002,0.006999999999999999,0.025,0.021,0.275,0.005,0.578,0.052000000000000005,0.013000000000000001
266,Rocklin Unified,1171.0,311.0,25.0,25.0,24.0,24.0,0.8,0.2655849701110162,11.71,11360.0,99933.0,0.015,0.003,0.102,0.035,0.16699999999999998,0.003,0.5770000000000001,0.083,0.015
269,Alvord Unified,1517.0,141.0,19.0,18.0,19.0,19.0,0.31,0.09294660514172709,11.26,13771.0,70862.0,0.038,0.002,0.037000000000000005,0.015,0.8,0.005,0.087,0.013999999999999999,0.002
270,Banning Unified,358.0,51.0,18.0,17.0,18.0,18.0,0.25,0.1424581005586592,48.09,13707.0,43906.0,0.073,0.026000000000000002,0.040999999999999995,0.01,0.711,0.001,0.109,0.027999999999999997,0.0
271,Beaumont Unified,735.0,48.0,22.0,20.0,20.0,21.0,0.48,0.0653061224489796,18.8,11807.0,75103.0,0.055999999999999994,0.005,0.024,0.023,0.513,0.002,0.317,0.051,0.009000000000000001
272,Corona-Norco Unified,4488.0,757.0,22.0,21.0,21.0,21.0,0.54,0.16867201426024955,6.54,11658.0,94613.0,0.057999999999999996,0.003,0.113,0.032,0.536,0.004,0.225,0.021,0.006999999999999999
273,Desert Sands Unified,2493.0,226.0,22.0,21.0,20.0,21.0,0.48,0.09065383072603289,31.78,13157.0,58738.0,0.015,0.002,0.02,0.006999999999999999,0.746,0.001,0.171,0.02,0.019
274,Hemet Unified,1858.0,142.0,21.0,19.0,19.0,20.0,0.44,0.07642626480086114,37.2,14843.0,46293.0,0.086,0.008,0.01,0.009000000000000001,0.632,0.003,0.21100000000000002,0.040999999999999995,0.0
275,Jurupa Unified,1486.0,210.0,19.0,18.0,18.0,19.0,0.27,0.14131897711978467,18.66,12873.0,69873.0,0.02,0.001,0.013000000000000001,0.005,0.865,0.002,0.073,0.008,0.012
276,Menifee Union Elementary,113.0,18.0,24.0,24.0,23.0,23.0,0.72,0.1592920353982301,30.93,10434.0,72993.0,0.059000000000000004,0.002,0.021,0.038,0.47,0.005,0.32799999999999996,0.066,0.011000000000000001
277,Moreno Valley Unified,2481.0,227.0,20.0,19.0,19.0,19.0,0.32,0.09149536477226924,18.89,14013.0,64003.0,0.13,0.002,0.013999999999999999,0.012,0.738,0.006999999999999999,0.063,0.03,0.005
279,Palm Springs Unified,1777.0,232.0,19.0,18.0,18.0,19.0,0.27,0.1305571187394485,34.32,14904.0,48120.0,0.045,0.005,0.008,0.019,0.799,0.001,0.099,0.025,0.0
281,Perris Union High,2224.0,383.0,19.0,18.0,18.0,18.0,0.28,0.17221223021582735,39.82,13112.0,53010.0,0.053,0.002,0.013000000000000001,0.024,0.7120000000000001,0.004,0.147,0.044000000000000004,0.001
282,Riverside Unified,3434.0,583.0,21.0,20.0,21.0,21.0,0.47,0.16977285963890507,11.41,13303.0,73093.0,0.062,0.003,0.035,0.012,0.659,0.003,0.191,0.021,0.013000000000000001
283,San Jacinto Unified,859.0,34.0,19.0,19.0,18.0,18.0,0.24,0.03958090803259604,43.23,13377.0,49159.0,0.079,0.016,0.009000000000000001,0.008,0.738,0.006,0.115,0.027000000000000003,0.001
284,Coachella Valley Unified,1244.0,204.0,18.0,16.0,18.0,18.0,0.18,0.1639871382636656,50.09,14846.0,36729.0,0.002,0.005,0.001,0.0,0.9790000000000001,0.0,0.01,0.002,0.002
285,Lake Elsinore Unified,1608.0,169.0,20.0,19.0,19.0,20.0,0.4,0.10509950248756218,12.08,13176.0,73231.0,0.039,0.003,0.018000000000000002,0.015,0.633,0.003,0.239,0.047,0.003
286,Temecula Valley Unified,2453.0,629.0,23.0,23.0,22.0,23.0,0.66,0.25642070933550754,8.04,10666.0,100688.0,0.035,0.006999999999999999,0.046,0.051,0.353,0.003,0.405,0.099,0.001
287,Murrieta Valley Unified,2168.0,459.0,23.0,22.0,22.0,22.0,0.63,0.21171586715867158,4.33,11338.0,94577.0,0.054000000000000006,0.003,0.040999999999999995,0.037000000000000005,0.39899999999999997,0.006,0.369,0.081,0.01
288,Val Verde Unified,1641.0,41.0,20.0,19.0,19.0,19.0,0.34,0.024984765386959172,13.54,13534.0,70358.0,0.11699999999999999,0.003,0.015,0.012,0.784,0.002,0.042,0.018000000000000002,0.006
290,Elk Grove Unified,5228.0,919.0,23.0,22.0,23.0,22.0,0.62,0.17578423871461363,7.49,12557.0,79728.0,0.109,0.004,0.265,0.059000000000000004,0.276,0.018000000000000002,0.175,0.09300000000000001,0.0
291,Folsom-Cordova Unified,1617.0,259.0,27.0,26.0,26.0,26.0,0.85,0.16017316017316016,1.13,11775.0,88346.0,0.047,0.003,0.183,0.023,0.22699999999999998,0.008,0.41600000000000004,0.092,0.002
292,Galt Joint Union High,567.0,58.0,21.0,20.0,21.0,20.0,0.5,0.10229276895943562,2.08,14169.0,75670.0,0.013999999999999999,0.0,0.021,0.004,0.57,0.001,0.33399999999999996,0.046,0.008
293,River Delta Joint Unified,173.0,27.0,20.0,19.0,19.0,19.0,0.37,0.15606936416184972,24.19,13088.0,64701.0,0.025,0.003,0.006,0.008,0.53,0.004,0.342,0.055,0.027000000000000003
295,Sacramento City Unified,3244.0,468.0,21.0,20.0,20.0,20.0,0.42,0.1442663378545006,20.35,14667.0,59648.0,0.139,0.005,0.17,0.013999999999999999,0.41,0.02,0.16399999999999998,0.07400000000000001,0.004
296,San Juan Unified,4487.0,456.0,24.0,23.0,23.0,23.0,0.65,0.10162692221974594,25.22,13148.0,63640.0,0.07,0.006,0.078,0.01,0.254,0.006,0.49700000000000005,0.07200000000000001,0.006
298,Natomas Unified,1130.0,772.0,17.0,16.0,17.0,17.0,0.21,0.6831858407079646,9.3,12033.0,81010.0,0.163,0.005,0.17600000000000002,0.047,0.32,0.017,0.16,0.11,0.002
299,Twin Rivers Unified,2234.0,91.0,20.0,18.0,19.0,19.0,0.38,0.04073410922112802,32.63,14648.0,50649.0,0.11900000000000001,0.006999999999999999,0.11,0.009000000000000001,0.41600000000000004,0.013999999999999999,0.262,0.045,0.018000000000000002
300,San Benito High,807.0,118.0,21.0,20.0,21.0,21.0,0.44,0.14622057001239158,2.0,12664.0,86216.0,0.005,0.003,0.013000000000000001,0.013000000000000001,0.755,0.001,0.17600000000000002,0.016,0.017
304,Barstow Unified,394.0,26.0,18.0,17.0,19.0,19.0,0.31,0.06598984771573604,55.26,12804.0,43117.0,0.196,0.006999999999999999,0.006,0.005,0.5379999999999999,0.012,0.18,0.055,0.0
306,Chaffey Joint Union High,6046.0,796.0,21.0,20.0,21.0,21.0,0.46,0.13165729407872973,6.2,13298.0,76972.0,0.07400000000000001,0.004,0.068,0.021,0.647,0.005,0.153,0.024,0.004
307,Chino Valley Unified,2434.0,250.0,25.0,24.0,24.0,24.0,0.73,0.10271158586688578,0.05,10931.0,93442.0,0.037000000000000005,0.002,0.184,0.048,0.5579999999999999,0.003,0.13699999999999998,0.026000000000000002,0.006
308,Colton Joint Unified,1621.0,126.0,19.0,19.0,19.0,20.0,0.37,0.07772979642196175,31.33,12720.0,61254.0,0.052000000000000005,0.001,0.013999999999999999,0.006999999999999999,0.865,0.002,0.05,0.009000000000000001,0.0
309,Fontana Unified,2941.0,2562.0,16.0,14.0,16.0,16.0,0.11,0.8711322679360761,12.93,15045.0,63253.0,0.049,0.001,0.015,0.011000000000000001,0.8740000000000001,0.002,0.038,0.011000000000000001,0.0
311,Morongo Unified,565.0,16.0,25.0,24.0,25.0,23.0,0.81,0.02831858407079646,54.3,13105.0,42323.0,0.085,0.01,0.017,0.02,0.35,0.012,0.5,0.0,0.006999999999999999
313,Oro Grande,647.0,17.0,18.0,18.0,17.0,19.0,0.29,0.02627511591962906,68.37,13285.0,31000.0,0.12,0.009000000000000001,0.005,0.003,0.596,0.004,0.20600000000000002,0.051,0.006
314,Redlands Unified,1842.0,174.0,24.0,24.0,24.0,23.0,0.69,0.09446254071661238,15.89,11919.0,76699.0,0.062,0.003,0.084,0.025,0.519,0.004,0.252,0.048,0.003
315,Rialto Unified,1973.0,190.0,19.0,18.0,19.0,19.0,0.31,0.0963000506842372,22.65,14090.0,60828.0,0.083,0.002,0.006,0.004,0.861,0.004,0.027999999999999997,0.012,0.0
317,San Bernardino City Unified,3558.0,480.0,19.0,17.0,18.0,19.0,0.26,0.13490725126475547,30.7,15714.0,46743.0,0.11,0.003,0.013000000000000001,0.004,0.7929999999999999,0.004,0.048,0.016,0.01
319,Victor Valley Union High,1911.0,200.0,20.0,18.0,19.0,19.0,0.32,0.10465724751439037,33.7,13948.0,53356.0,0.16699999999999998,0.004,0.017,0.01,0.677,0.006,0.07400000000000001,0.035,0.01
320,Yucaipa-Calimesa Joint Unified,739.0,61.0,24.0,22.0,22.0,22.0,0.66,0.08254397834912043,26.99,11758.0,69281.0,0.015,0.004,0.013999999999999999,0.006,0.45399999999999996,0.002,0.488,0.016,0.002
322,Snowline Joint Unified,560.0,57.0,22.0,21.0,23.0,22.0,0.6,0.10178571428571428,27.26,12695.0,64394.0,0.047,0.005,0.011000000000000001,0.004,0.528,0.002,0.317,0.013000000000000001,0.073
323,Hesperia Unified,1986.0,255.0,20.0,18.0,19.0,19.0,0.36,0.1283987915407855,38.91,12694.0,55778.0,0.07200000000000001,0.003,0.01,0.004,0.703,0.003,0.18899999999999997,0.015,0.001
325,Upland Unified,867.0,62.0,21.0,21.0,21.0,21.0,0.48,0.07151095732410612,17.12,12066.0,75048.0,0.076,0.001,0.054000000000000006,0.017,0.585,0.004,0.225,0.021,0.017
326,Apple Valley Unified,1086.0,82.0,23.0,22.0,20.0,21.0,0.51,0.07550644567219153,55.27,10396.0,55159.0,0.077,0.005,0.019,0.005,0.511,0.005,0.34700000000000003,0.032,0.0
329,Chula Vista Elementary,228.0,21.0,20.0,20.0,18.0,19.0,0.29,0.09210526315789473,16.09,10900.0,81646.0,0.037000000000000005,0.002,0.024,0.092,0.7040000000000001,0.003,0.096,0.037000000000000005,0.005
330,Coronado Unified,294.0,128.0,26.0,25.0,25.0,25.0,0.78,0.43537414965986393,41.4,13948.0,108967.0,0.01,0.003,0.013999999999999999,0.018000000000000002,0.22699999999999998,0.005,0.581,0.08199999999999999,0.06
331,Dehesa Elementary,469.0,18.0,21.0,21.0,20.0,20.0,0.33,0.03837953091684435,135.2,28138.0,107429.0,0.03,0.006,0.048,0.01,0.27899999999999997,0.003,0.516,0.083,0.025
332,Escondido Union High,2532.0,497.0,21.0,20.0,21.0,21.0,0.46,0.19628751974723538,6.72,14895.0,68598.0,0.016,0.003,0.027999999999999997,0.019,0.659,0.001,0.242,0.023,0.009000000000000001
333,Fallbrook Union High,557.0,42.0,23.0,22.0,22.0,21.0,0.62,0.07540394973070018,6.36,14957.0,68553.0,0.013000000000000001,0.002,0.011000000000000001,0.006,0.6779999999999999,0.003,0.255,0.023,0.009000000000000001
334,Grossmont Union High,5541.0,940.0,22.0,21.0,22.0,22.0,0.6,0.16964446850748963,4.98,14539.0,71670.0,0.062,0.008,0.023,0.017,0.402,0.006999999999999999,0.423,0.054000000000000006,0.004
338,Mountain Empire Unified,342.0,20.0,25.0,21.0,21.0,23.0,0.6,0.05847953216374269,21.28,14510.0,59746.0,0.025,0.025,0.013000000000000001,0.005,0.494,0.002,0.368,0.059000000000000004,0.009000000000000001
339,Poway Unified,2918.0,941.0,27.0,26.0,26.0,25.0,0.82,0.32248115147361206,41.41,12266.0,117394.0,0.017,0.001,0.22699999999999998,0.059000000000000004,0.17300000000000001,0.002,0.406,0.113,0.001
340,Ramona City Unified,476.0,81.0,23.0,22.0,23.0,23.0,0.67,0.17016806722689076,9.03,11309.0,98201.0,0.006999999999999999,0.005,0.005,0.003,0.41,0.002,0.508,0.059000000000000004,0.0
341,San Diego Unified,9418.0,1944.0,23.0,22.0,22.0,22.0,0.56,0.20641325122106605,1.01,14457.0,75020.0,0.077,0.003,0.087,0.046,0.467,0.004,0.225,0.08,0.012
342,San Dieguito Union High,2334.0,1234.0,28.0,28.0,27.0,27.0,0.9,0.5287060839760068,63.35,11865.0,135646.0,0.006999999999999999,0.002,0.174,0.008,0.157,0.001,0.584,0.066,0.001
344,Sweetwater Union High,7934.0,952.0,21.0,20.0,20.0,21.0,0.46,0.11998991681371313,19.34,12831.0,69583.0,0.03,0.004,0.018000000000000002,0.087,0.7090000000000001,0.004,0.10400000000000001,0.04,0.005
345,Vista Unified,2363.0,231.0,25.0,23.0,24.0,23.0,0.71,0.09775708844688955,0.97,14041.0,78566.0,0.022000000000000002,0.003,0.02,0.013999999999999999,0.655,0.006,0.225,0.055,0.001
346,Carlsbad Unified,913.0,258.0,25.0,25.0,25.0,25.0,0.79,0.28258488499452356,10.93,11270.0,99805.0,0.01,0.003,0.057999999999999996,0.008,0.276,0.002,0.5539999999999999,0.09,0.0
347,Oceanside Unified,1628.0,207.0,21.0,20.0,21.0,20.0,0.48,0.12714987714987716,23.89,13154.0,64597.0,0.039,0.003,0.017,0.024,0.564,0.017,0.254,0.07,0.013000000000000001
348,San Marcos Unified,1534.0,422.0,24.0,23.0,22.0,23.0,0.63,0.27509778357235987,4.26,11775.0,86027.0,0.001,0.016,0.055,0.023,0.45899999999999996,0.004,0.39299999999999996,0.049,0.0
350,Valley Center-Pauma Unified,314.0,50.0,22.0,21.0,21.0,22.0,0.5,0.1592356687898089,3.49,12289.0,89200.0,0.005,0.08800000000000001,0.009000000000000001,0.003,0.595,0.0,0.243,0.046,0.01
357,San Francisco Unified,4399.0,1077.0,22.0,21.0,22.0,21.0,0.52,0.24482837008411001,68.26,17228.0,112449.0,0.07400000000000001,0.003,0.298,0.038,0.319,0.008,0.14400000000000002,0.064,0.051
359,Escalon Unified,201.0,16.0,21.0,19.0,21.0,22.0,0.62,0.07960199004975124,31.86,10769.0,70625.0,0.006,0.002,0.012,0.004,0.478,0.001,0.469,0.02,0.006999999999999999
360,Lincoln Unified,721.0,59.0,23.0,22.0,23.0,23.0,0.73,0.08183079056865465,30.93,11860.0,65858.0,0.113,0.004,0.099,0.03,0.503,0.008,0.191,0.049,0.002
361,Linden Unified,177.0,33.0,22.0,21.0,20.0,21.0,0.39,0.1864406779661017,24.39,12259.0,68706.0,0.004,0.011000000000000001,0.015,0.003,0.639,0.005,0.309,0.013000000000000001,0.0
362,Lodi Unified,2471.0,474.0,22.0,21.0,22.0,22.0,0.55,0.19182517199514368,22.05,12898.0,67240.0,0.067,0.004,0.18,0.035,0.465,0.006999999999999999,0.187,0.03,0.024
363,Manteca Unified,1925.0,124.0,22.0,22.0,22.0,21.0,0.59,0.06441558441558441,18.79,12178.0,73257.0,0.059000000000000004,0.004,0.09699999999999999,0.052000000000000005,0.5710000000000001,0.01,0.168,0.038,0.0
365,Ripon Unified,405.0,46.0,26.0,24.0,23.0,24.0,0.8,0.11358024691358025,16.34,10147.0,85233.0,0.027999999999999997,0.003,0.051,0.02,0.344,0.003,0.457,0.091,0.004
366,Stockton Unified,2734.0,354.0,19.0,18.0,19.0,18.0,0.33,0.12948061448427212,37.98,15106.0,44393.0,0.1,0.01,0.087,0.036000000000000004,0.68,0.005,0.047,0.034,0.001
367,Tracy Joint Unified,1515.0,160.0,22.0,21.0,21.0,22.0,0.52,0.10561056105610561,2.58,12026.0,89840.0,0.055,0.003,0.124,0.054000000000000006,0.5329999999999999,0.012,0.174,0.045,0.0
370,Atascadero Unified,355.0,35.0,26.0,25.0,25.0,25.0,0.77,0.09859154929577464,14.5,11288.0,80884.0,0.012,0.008,0.01,0.011000000000000001,0.284,0.001,0.629,0.035,0.01
371,Lucia Mar Unified,865.0,194.0,23.0,22.0,22.0,22.0,0.62,0.22427745664739884,14.01,11770.0,78837.0,0.006,0.004,0.013999999999999999,0.011000000000000001,0.47700000000000004,0.001,0.435,0.042,0.01
372,San Luis Coastal Unified,591.0,174.0,26.0,25.0,25.0,24.0,0.8,0.29441624365482233,20.9,13356.0,65800.0,0.006999999999999999,0.003,0.033,0.019,0.294,0.002,0.583,0.057,0.001
374,Templeton Unified,203.0,69.0,24.0,24.0,22.0,23.0,0.72,0.3399014778325123,0.61,11214.0,91541.0,0.002,0.004,0.012,0.001,0.24,0.001,0.652,0.083,0.006
375,Paso Robles Joint Unified,578.0,89.0,23.0,22.0,22.0,22.0,0.6,0.15397923875432526,26.04,12352.0,67018.0,0.012,0.003,0.006,0.002,0.561,0.001,0.379,0.025,0.012
378,Cabrillo Unified,251.0,65.0,27.0,26.0,25.0,25.0,0.77,0.2589641434262948,67.45,12773.0,134138.0,0.003,0.0,0.013000000000000001,0.009000000000000001,0.522,0.001,0.401,0.05,0.0
380,Jefferson Union High,1179.0,132.0,24.0,23.0,23.0,23.0,0.74,0.11195928753180662,30.15,13761.0,101575.0,0.013000000000000001,0.001,0.149,0.289,0.314,0.01,0.141,0.075,0.008
382,Ravenswood City Elementary,20.0,31.0,16.0,14.0,18.0,15.0,0.1,1.55,15.22,18622.0,66201.0,0.053,0.002,0.003,0.002,0.836,0.075,0.011000000000000001,0.015,0.003
383,San Mateo Union High,2359.0,529.0,27.0,26.0,26.0,26.0,0.82,0.22424756252649428,107.2,19357.0,130632.0,0.008,0.001,0.226,0.052000000000000005,0.318,0.019,0.275,0.10099999999999999,0.0
384,Sequoia Union High,2532.0,630.0,25.0,24.0,24.0,24.0,0.68,0.24881516587677724,112.2,19367.0,134282.0,0.024,0.003,0.08900000000000001,0.013999999999999999,0.452,0.02,0.35,0.046,0.001
385,South San Francisco Unified,682.0,41.0,23.0,23.0,24.0,23.0,0.76,0.060117302052785926,32.51,13184.0,106209.0,0.011000000000000001,0.002,0.142,0.22699999999999998,0.47600000000000003,0.018000000000000002,0.064,0.06,0.001
388,Carpinteria Unified,167.0,39.0,22.0,19.0,22.0,22.0,0.54,0.23353293413173654,10.24,14972.0,80771.0,0.001,0.001,0.01,0.003,0.7490000000000001,0.0,0.22,0.013999999999999999,0.001
389,Lompoc Unified,648.0,41.0,24.0,23.0,23.0,23.0,0.61,0.06327160493827161,31.11,12456.0,62740.0,0.022000000000000002,0.005,0.016,0.013000000000000001,0.688,0.002,0.207,0.046,0.001
390,Orcutt Union Elementary,145.0,49.0,25.0,26.0,25.0,25.0,0.82,0.33793103448275863,5.45,11083.0,88607.0,0.006,0.006,0.013999999999999999,0.013000000000000001,0.51,0.002,0.363,0.06,0.025
391,Santa Maria Joint Union High,1949.0,243.0,20.0,19.0,20.0,20.0,0.38,0.12467932272960493,17.71,13174.0,69070.0,0.006,0.004,0.008,0.015,0.873,0.001,0.08,0.006999999999999999,0.005
392,Santa Ynez Valley Union High,231.0,50.0,26.0,24.0,22.0,22.0,0.76,0.21645021645021645,16.91,13573.0,92708.0,0.006,0.006,0.003,0.003,0.465,0.0,0.469,0.047,0.0
394,Santa Barbara Unified,1669.0,395.0,25.0,25.0,24.0,24.0,0.72,0.2366686638705812,4.81,13495.0,77021.0,0.006999999999999999,0.003,0.027999999999999997,0.005,0.595,0.001,0.326,0.026000000000000002,0.011000000000000001
400,Campbell Union High,2023.0,403.0,27.0,26.0,25.0,26.0,0.8,0.19920909540286702,52.01,13624.0,118447.0,0.027000000000000003,0.004,0.187,0.023,0.33799999999999997,0.005,0.359,0.042,0.015
401,East Side Union High,6785.0,777.0,22.0,22.0,23.0,22.0,0.54,0.11451731761238025,32.15,13317.0,105274.0,0.018000000000000002,0.002,0.33,0.061,0.509,0.006,0.047,0.024,0.003
402,Fremont Union High,2761.0,872.0,30.0,31.0,31.0,29.0,0.94,0.3158275986961246,117.22,15994.0,154876.0,0.008,0.002,0.58,0.026000000000000002,0.147,0.003,0.154,0.061,0.02
403,Gilroy Unified,972.0,147.0,23.0,22.0,23.0,22.0,0.63,0.15123456790123457,24.01,12490.0,103388.0,0.013999999999999999,0.004,0.042,0.027999999999999997,0.708,0.002,0.14800000000000002,0.031,0.023
405,Morgan Hill Unified,636.0,115.0,24.0,24.0,24.0,23.0,0.77,0.18081761006289307,47.47,11628.0,125073.0,0.013999999999999999,0.005,0.08900000000000001,0.026000000000000002,0.505,0.003,0.28600000000000003,0.049,0.022000000000000002
406,Mountain View-Los Altos Union High,1061.0,342.0,28.0,29.0,28.0,28.0,0.87,0.3223374175306315,168.4,23203.0,156702.0,0.012,0.001,0.249,0.019,0.256,0.004,0.376,0.081,0.003
407,Palo Alto Unified,1020.0,454.0,29.0,29.0,28.0,28.0,0.87,0.44509803921568625,160.36,23038.0,151578.0,0.017,0.001,0.375,0.009000000000000001,0.139,0.01,0.33899999999999997,0.11,0.0
408,San Jose Unified,2648.0,443.0,25.0,25.0,25.0,25.0,0.71,0.16729607250755288,30.93,12414.0,108893.0,0.025,0.002,0.13699999999999998,0.019,0.529,0.003,0.22399999999999998,0.057999999999999996,0.003
409,Santa Clara Unified,1136.0,193.0,25.0,25.0,24.0,24.0,0.7,0.1698943661971831,105.7,19279.0,129906.0,0.025,0.005,0.317,0.06,0.33799999999999997,0.005,0.19,0.053,0.006999999999999999
410,Milpitas Unified,829.0,72.0,26.0,27.0,27.0,26.0,0.89,0.08685162846803378,61.17,12280.0,131954.0,0.017,0.003,0.529,0.149,0.19699999999999998,0.004,0.042,0.055999999999999994,0.002
413,Pajaro Valley Unified,1315.0,257.0,20.0,18.0,19.0,20.0,0.34,0.19543726235741446,0.74,15343.0,71880.0,0.004,0.002,0.006999999999999999,0.006,0.84,0.001,0.13,0.009000000000000001,0.002
414,San Lorenzo Valley Unified,244.0,25.0,26.0,26.0,24.0,25.0,0.76,0.10245901639344263,6.77,11012.0,98013.0,0.006,0.002,0.049,0.01,0.198,0.003,0.589,0.087,0.057
415,Santa Cruz City High,862.0,177.0,24.0,23.0,23.0,22.0,0.63,0.20533642691415313,46.82,287.0,111992.0,0.019,0.004,0.028999999999999998,0.008,0.385,0.002,0.512,0.04,0.0
416,Scotts Valley Unified,194.0,60.0,27.0,26.0,25.0,25.0,0.87,0.30927835051546393,28.71,10448.0,117083.0,0.003,0.003,0.067,0.01,0.179,0.001,0.621,0.11199999999999999,0.003
418,Anderson Union High,444.0,29.0,24.0,21.0,22.0,23.0,0.72,0.06531531531531531,39.02,12566.0,56332.0,0.008,0.057,0.034,0.002,0.195,0.001,0.654,0.034,0.015
419,Fall River Joint Unified,86.0,21.0,22.0,20.0,22.0,22.0,0.43,0.2441860465116279,37.24,14288.0,49037.0,0.0,0.077,0.002,0.001,0.268,0.003,0.58,0.055,0.016
421,Shasta Union High,1308.0,115.0,27.0,25.0,25.0,25.0,0.83,0.08792048929663608,36.66,12856.0,56631.0,0.013000000000000001,0.028999999999999998,0.048,0.006,0.14400000000000002,0.005,0.682,0.067,0.006999999999999999
427,Siskiyou Union High,150.0,29.0,21.0,21.0,19.0,19.0,0.48,0.19333333333333333,30.26,16023.0,45524.0,0.02,0.037000000000000005,0.019,0.006999999999999999,0.177,0.002,0.583,0.121,0.034
428,Yreka Union High,150.0,38.0,23.0,20.0,21.0,21.0,0.53,0.25333333333333335,32.74,15302.0,47294.0,0.004,0.05,0.03,0.0,0.174,0.003,0.627,0.096,0.016
430,Scott Valley Unified,45.0,27.0,20.0,20.0,21.0,21.0,0.41,0.6,29.7,14705.0,52536.0,0.005,0.09300000000000001,0.018000000000000002,0.0,0.11900000000000001,0.005,0.619,0.113,0.027999999999999997
432,Benicia Unified,406.0,67.0,27.0,26.0,25.0,25.0,0.84,0.16502463054187191,13.06,10914.0,103163.0,0.064,0.004,0.048,0.071,0.203,0.002,0.446,0.14300000000000002,0.021
433,Dixon Unified,310.0,67.0,21.0,20.0,21.0,20.0,0.51,0.2161290322580645,4.77,12277.0,83143.0,0.021,0.003,0.009000000000000001,0.015,0.581,0.005,0.284,0.046,0.036000000000000004
434,Fairfield-Suisun Unified,1560.0,94.0,24.0,23.0,22.0,23.0,0.63,0.06025641025641026,11.18,11182.0,83874.0,0.135,0.003,0.057999999999999996,0.09,0.452,0.011000000000000001,0.156,0.092,0.002
435,Travis Unified,419.0,40.0,25.0,23.0,23.0,24.0,0.7,0.0954653937947494,20.01,11362.0,106068.0,0.109,0.003,0.042,0.10099999999999999,0.271,0.011000000000000001,0.315,0.135,0.013999999999999999
436,Vacaville Unified,975.0,97.0,23.0,22.0,23.0,22.0,0.64,0.09948717948717949,7.69,11479.0,84968.0,0.057999999999999996,0.004,0.027999999999999997,0.035,0.39,0.006,0.385,0.09,0.005
437,Vallejo City Unified,994.0,71.0,20.0,18.0,18.0,19.0,0.31,0.07142857142857142,16.77,13268.0,69300.0,0.257,0.003,0.028999999999999998,0.138,0.45399999999999996,0.019,0.065,0.027999999999999997,0.005
439,West Sonoma County Union High,450.0,55.0,26.0,25.0,24.0,24.0,0.73,0.12222222222222222,3.87,14139.0,80223.0,0.017,0.013999999999999999,0.027000000000000003,0.005,0.253,0.001,0.642,0.042,0.0
448,Roseland,147.0,89.0,17.0,16.0,18.0,18.0,0.22,0.6054421768707483,45.44,24306.0,60140.0,0.006,0.005,0.01,0.002,0.941,0.0,0.024,0.01,0.002
450,Sonoma Valley Unified,293.0,47.0,25.0,24.0,23.0,23.0,0.66,0.16040955631399317,11.35,14357.0,84669.0,0.005,0.004,0.013999999999999999,0.005,0.603,0.002,0.337,0.016,0.015
452,Cotati-Rohnert Park Unified,529.0,73.0,24.0,23.0,22.0,22.0,0.6,0.13799621928166353,12.29,13081.0,73549.0,0.018000000000000002,0.006999999999999999,0.028999999999999998,0.01,0.41600000000000004,0.004,0.405,0.068,0.043
453,Windsor Unified,466.0,116.0,23.0,22.0,21.0,22.0,0.6,0.24892703862660945,25.15,12148.0,105938.0,0.006,0.006999999999999999,0.016,0.004,0.551,0.003,0.377,0.035,0.001
454,Healdsburg Unified,158.0,36.0,24.0,25.0,22.0,22.0,0.81,0.22784810126582278,52.57,18117.0,96381.0,0.004,0.009000000000000001,0.009000000000000001,0.002,0.632,0.002,0.335,0.008,0.0
456,Ceres Unified,1073.0,34.0,20.0,18.0,18.0,19.0,0.24,0.03168685927306617,34.78,12822.0,58193.0,0.016,0.004,0.049,0.005,0.7879999999999999,0.006,0.122,0.008,0.002
461,Patterson Joint Unified,458.0,15.0,24.0,22.0,21.0,21.0,0.47,0.03275109170305677,14.39,13614.0,69330.0,0.048,0.005,0.024,0.016,0.76,0.018000000000000002,0.099,0.013999999999999999,0.016
462,Newman-Crows Landing Unified,227.0,18.0,23.0,22.0,23.0,22.0,0.56,0.07929515418502203,24.47,13285.0,63512.0,0.016,0.002,0.006,0.008,0.7879999999999999,0.002,0.152,0.026000000000000002,0.0
465,Oakdale Joint Unified,437.0,38.0,24.0,24.0,23.0,23.0,0.68,0.08695652173913043,26.58,11208.0,72342.0,0.005,0.006,0.01,0.005,0.389,0.002,0.5479999999999999,0.033,0.001
467,Turlock Unified,1240.0,105.0,24.0,22.0,22.0,22.0,0.65,0.0846774193548387,37.52,12863.0,55962.0,0.02,0.006,0.055999999999999994,0.001,0.5920000000000001,0.005,0.294,0.013000000000000001,0.013000000000000001
470,Live Oak Unified,143.0,33.0,19.0,20.0,20.0,20.0,0.36,0.23076923076923078,38.89,12518.0,56667.0,0.008,0.009000000000000001,0.109,0.002,0.589,0.004,0.268,0.011000000000000001,0.0
474,Sutter Union High,189.0,22.0,25.0,22.0,24.0,23.0,0.77,0.1164021164021164,27.03,11227.0,71914.0,0.002,0.016,0.027999999999999997,0.001,0.275,0.001,0.619,0.057,0.0
476,Yuba City Unified,972.0,116.0,23.0,22.0,22.0,23.0,0.61,0.11934156378600823,32.6,13243.0,57703.0,0.017,0.006,0.198,0.005,0.46399999999999997,0.003,0.249,0.049,0.008
478,Corning Union High,228.0,113.0,18.0,18.0,18.0,17.0,0.29,0.4956140350877193,44.77,13720.0,46302.0,0.005,0.016,0.016,0.004,0.622,0.001,0.303,0.013000000000000001,0.02
479,Los Molinos Unified,37.0,38.0,17.0,15.0,17.0,17.0,0.24,1.027027027027027,41.34,14423.0,45326.0,0.004,0.018000000000000002,0.011000000000000001,0.0,0.52,0.0,0.401,0.04,0.006999999999999999
480,Red Bluff Joint Union High,372.0,151.0,20.0,19.0,20.0,20.0,0.42,0.40591397849462363,45.64,14141.0,43553.0,0.009000000000000001,0.027999999999999997,0.008,0.001,0.341,0.002,0.5710000000000001,0.04,0.001
483,Trinity Alps Unified,93.0,15.0,24.0,24.0,23.0,23.0,0.73,0.16129032258064516,33.82,15289.0,46559.0,0.0,0.055999999999999994,0.006999999999999999,0.0,0.085,0.003,0.735,0.086,0.027000000000000003
487,Cutler-Orosi Joint Unified,292.0,85.0,17.0,15.0,17.0,17.0,0.12,0.2910958904109589,53.54,13922.0,38797.0,0.0,0.001,0.001,0.027000000000000003,0.9590000000000001,0.0,0.01,0.0,0.0
490,Tulare Joint Union High,1284.0,177.0,20.0,19.0,20.0,19.0,0.36,0.1378504672897196,34.98,14165.0,51324.0,0.024,0.003,0.013000000000000001,0.004,0.7809999999999999,0.002,0.163,0.005,0.005
491,Visalia Unified,2216.0,187.0,22.0,21.0,21.0,22.0,0.55,0.08438628158844766,35.48,12279.0,60393.0,0.013999999999999999,0.005,0.040999999999999995,0.008,0.6970000000000001,0.002,0.18100000000000002,0.026000000000000002,0.027999999999999997
492,Farmersville Unified,216.0,46.0,18.0,16.0,17.0,17.0,0.17,0.21296296296296297,51.24,14092.0,39650.0,0.002,0.002,0.005,0.0,0.958,0.0,0.008,0.0,0.024
493,Porterville Unified,1665.0,283.0,19.0,18.0,19.0,19.0,0.31,0.16996996996996996,55.27,13584.0,39205.0,0.003,0.021,0.013999999999999999,0.008,0.825,0.004,0.107,0.01,0.008
494,Dinuba Unified,538.0,96.0,18.0,16.0,17.0,19.0,0.19,0.17843866171003717,55.74,12543.0,44065.0,0.004,0.004,0.011000000000000001,0.006999999999999999,0.937,0.001,0.037000000000000005,0.0,0.0
495,Woodlake Unified,168.0,30.0,18.0,18.0,19.0,18.0,0.27,0.17857142857142858,44.62,14047.0,44776.0,0.004,0.004,0.006999999999999999,0.0,0.912,0.0,0.07200000000000001,0.001,0.0
496,Exeter Unified,225.0,18.0,25.0,23.0,20.0,23.0,0.72,0.08,47.81,12964.0,47832.0,0.006,0.006,0.003,0.002,0.65,0.001,0.327,0.004,0.002
502,Fillmore Unified,298.0,29.0,24.0,23.0,23.0,23.0,0.66,0.09731543624161074,6.86,13555.0,75201.0,0.002,0.003,0.003,0.004,0.9259999999999999,0.0,0.057,0.006999999999999999,0.0
504,Ojai Unified,192.0,15.0,26.0,26.0,24.0,24.0,0.87,0.078125,10.9,12123.0,79371.0,0.008,0.002,0.013999999999999999,0.005,0.38,0.001,0.552,0.038,0.0
505,Oxnard Union High,4063.0,317.0,22.0,21.0,21.0,21.0,0.51,0.07802116662564608,4.77,13175.0,78649.0,0.012,0.001,0.021,0.033,0.79,0.002,0.115,0.026000000000000002,0.0
506,Simi Valley Unified,1416.0,159.0,25.0,25.0,24.0,24.0,0.77,0.11228813559322035,11.95,11607.0,98876.0,0.011000000000000001,0.001,0.08,0.021,0.4,0.001,0.436,0.047,0.003
507,Ventura Unified,1301.0,213.0,24.0,22.0,22.0,22.0,0.62,0.16372021521906227,12.82,12006.0,78534.0,0.011000000000000001,0.002,0.027000000000000003,0.006999999999999999,0.5489999999999999,0.001,0.36200000000000004,0.04,0.0
508,Conejo Valley Unified,1767.0,421.0,27.0,27.0,26.0,26.0,0.85,0.23825693265421619,24.8,11119.0,110829.0,0.013999999999999999,0.003,0.09,0.012,0.293,0.003,0.527,0.057999999999999996,0.0
509,Oak Park Unified,438.0,157.0,29.0,29.0,27.0,27.0,0.94,0.3584474885844749,49.39,10394.0,132665.0,0.018000000000000002,0.002,0.255,0.018000000000000002,0.10400000000000001,0.001,0.532,0.07,0.0
510,Moorpark Unified,505.0,112.0,25.0,24.0,24.0,24.0,0.79,0.22178217821782178,19.36,10939.0,107703.0,0.006999999999999999,0.001,0.049,0.01,0.503,0.0,0.379,0.05,0.0
511,Santa Paula Unified,429.0,126.0,20.0,18.0,19.0,20.0,0.35,0.2937062937062937,25.05,14021.0,59397.0,0.002,0.001,0.001,0.001,0.958,0.001,0.034,0.002,0.0
513,Davis Joint Unified,717.0,156.0,28.0,27.0,28.0,27.0,0.93,0.2175732217573222,20.53,12987.0,67918.0,0.028999999999999998,0.004,0.155,0.01,0.22699999999999998,0.003,0.49,0.075,0.006
517,Woodland Joint Unified,767.0,139.0,20.0,19.0,19.0,20.0,0.38,0.18122555410691005,23.57,12383.0,68687.0,0.013000000000000001,0.005,0.054000000000000006,0.006999999999999999,0.695,0.004,0.188,0.024,0.01
520,Marysville Joint Unified,602.0,42.0,20.0,18.0,19.0,19.0,0.4,0.06976744186046512,47.22,12248.0,51851.0,0.037000000000000005,0.018000000000000002,0.08800000000000001,0.005,0.452,0.003,0.34,0.046,0.01
521,Wheatland Union High,167.0,18.0,23.0,21.0,21.0,22.0,0.56,0.10778443113772455,6.49,12833.0,88694.0,0.034,0.012,0.035,0.013000000000000001,0.29600000000000004,0.012,0.45899999999999996,0.083,0.055999999999999994
