,district,students_in_grade_12_20,sat_20_grade_12_takers,sat_20_grade_12_at_erwb_benchmark,sat_20_grade_12_at_math_benchmark,students_in_grade_11_20,sat_20_grade_11_takers,sat_20_grade_11_at_erwb_benchmark,sat_20_grade_11_at_math_benchmark,sat_20_grade_12_at_both_benchmarks,sat_20_grade_11_at_both_benchmarks,sat_20_g12_participation,sat_20_g11_Participation,score,education_spend_per_student,avg_household_income,african_american,am_indian_or_alaska_native,asian,filipino,hispanic_or_latino,pacific_islander,white,two_or_more_races,not_reported
0,Castro Valley Unified,781,329,0.9057999999999999,0.7659999999999999,786,154,0.961,0.9351,0.7204,0.9220999999999999,0.4212548015364917,0.19592875318066158,34.46,11860.0,114277.0,0.049,0.001,0.295,0.046,0.23399999999999999,0.004,0.243,0.1,0.027999999999999997
3,San Ramon Valley Unified,2748,1002,0.9511,0.8493,2760,838,0.9893000000000001,0.9761,0.8312999999999999,0.9714,0.3646288209606987,0.3036231884057971,108.78,11378.0,171717.0,0.017,0.003,0.40299999999999997,0.037000000000000005,0.08900000000000001,0.002,0.364,0.084,0.0
4,Sanger Unified,857,260,0.5577000000000001,0.3346,854,80,0.8375,0.7875,0.2808,0.725,0.3033838973162194,0.0936768149882904,21.93,12337.0,70134.0,0.011000000000000001,0.002,0.12,0.004,0.695,0.002,0.12300000000000001,0.027000000000000003,0.017
6,Bellflower Unified,998,226,0.7965000000000001,0.5,960,15,1.0,0.8667,0.48229999999999995,0.8667,0.22645290581162325,0.015625,20.42,13391.0,65982.0,0.125,0.004,0.038,0.044000000000000004,0.662,0.01,0.083,0.028999999999999998,0.006
7,West Covina Unified,1160,352,0.7898000000000001,0.5368999999999999,1100,26,0.8845999999999999,0.7308,0.4972,0.7308,0.30344827586206896,0.023636363636363636,17.01,14780.0,86748.0,0.078,0.004,0.09,0.033,0.6709999999999999,0.004,0.10300000000000001,0.016,0.002
8,San Rafael City High,733,234,0.8761,0.6325,715,34,0.9412,0.8824,0.6197,0.8529000000000001,0.31923601637107774,0.04755244755244755,31.7,14820.0,97421.0,0.013000000000000001,0.003,0.042,0.005,0.5770000000000001,0.002,0.33,0.026000000000000002,0.002
11,Brea-Olinda Unified,450,125,0.904,0.768,443,55,0.9818000000000001,0.9818000000000001,0.7440000000000001,0.9818000000000001,0.2777777777777778,0.12415349887133183,2.23,10352.0,94654.0,0.015,0.001,0.247,0.034,0.382,0.003,0.27699999999999997,0.04,0.002
12,Orange Unified,2152,1676,0.5095000000000001,0.3126,2199,153,0.9542,0.8954000000000001,0.30010000000000003,0.8889,0.7788104089219331,0.06957708049113233,11.98,11918.0,97336.0,0.013000000000000001,0.002,0.099,0.019,0.5660000000000001,0.003,0.255,0.032,0.011000000000000001
13,Los Alamitos Unified,752,306,0.902,0.7059000000000001,803,119,0.9915999999999999,0.8992,0.6765000000000001,0.8992,0.40691489361702127,0.14819427148194272,4.91,11866.0,85092.0,0.025,0.001,0.14,0.027999999999999997,0.27699999999999997,0.006999999999999999,0.43,0.08800000000000001,0.005
14,Tahoe-Truckee Unified,315,96,0.7604000000000001,0.6667000000000001,301,57,0.8946999999999999,0.8245999999999999,0.625,0.807,0.3047619047619048,0.1893687707641196,35.42,18822.0,80154.0,0.003,0.002,0.005,0.0,0.36,0.001,0.585,0.036000000000000004,0.006999999999999999
15,Hemet Unified,1848,1232,0.4253,0.1989,1761,19,0.47369999999999995,0.5263,0.18510000000000001,0.4211,0.6666666666666666,0.010789324247586598,37.2,14843.0,46293.0,0.086,0.008,0.01,0.009000000000000001,0.632,0.003,0.21100000000000002,0.040999999999999995,0.0
18,Victor Valley Union High,2063,482,0.6162,0.31120000000000003,1995,1504,0.41359999999999997,0.2114,0.29460000000000003,0.1935,0.23364032961706252,0.7538847117794486,33.7,13948.0,53356.0,0.16699999999999998,0.004,0.017,0.01,0.677,0.006,0.07400000000000001,0.035,0.01
19,Snowline Joint Unified,544,124,0.7903,0.5403,590,16,0.9375,0.9375,0.5161,0.875,0.22794117647058823,0.02711864406779661,27.26,12695.0,64394.0,0.047,0.005,0.011000000000000001,0.004,0.528,0.002,0.317,0.013000000000000001,0.073
20,San Francisco Unified,4428,2043,0.7425,0.6324000000000001,4483,616,0.9448000000000001,0.9318000000000001,0.5815,0.9091,0.4613821138211382,0.13740798572384563,68.26,17228.0,112449.0,0.07400000000000001,0.003,0.298,0.038,0.319,0.008,0.14400000000000002,0.064,0.051
23,Morgan Hill Unified,678,264,0.7955,0.6742,682,84,0.9643,0.8809999999999999,0.6325999999999999,0.8571,0.3893805309734513,0.12316715542521994,47.47,11628.0,125073.0,0.013999999999999999,0.005,0.08900000000000001,0.026000000000000002,0.505,0.003,0.28600000000000003,0.049,0.022000000000000002
27,Oak Park Unified,404,134,0.9776,0.8731,410,98,0.9898,1.0,0.8582,0.9898,0.3316831683168317,0.23902439024390243,49.39,10394.0,132665.0,0.018000000000000002,0.002,0.255,0.018000000000000002,0.10400000000000001,0.001,0.532,0.07,0.0
29,Albany City Unified,258,91,0.9451,0.9451,298,52,1.0,0.9808,0.9340999999999999,0.9808,0.35271317829457366,0.174496644295302,20.89,13548.0,95783.0,0.034,0.002,0.28800000000000003,0.011000000000000001,0.165,0.001,0.28800000000000003,0.14,0.07200000000000001
35,Fortuna Union High,230,70,0.7857,0.5143,279,18,0.8889,0.7222,0.5143,0.6667000000000001,0.30434782608695654,0.06451612903225806,46.46,13320.0,47053.0,0.004,0.044000000000000004,0.011000000000000001,0.002,0.27,0.001,0.602,0.064,0.003
38,Delano Joint Union High,1022,271,0.5129,0.3395,1102,18,0.7778,0.6111,0.2768,0.6111,0.2651663405088063,0.016333938294010888,47.94,14460.0,40251.0,0.004,0.001,0.008,0.09,0.878,0.001,0.015,0.003,0.0
42,Antelope Valley Union High,5585,1028,0.6448999999999999,0.2918,5273,3842,0.41590000000000005,0.2043,0.2792,0.1864,0.18406445837063562,0.7286174853024844,28.34,13693.0,58602.0,0.16399999999999998,0.002,0.012,0.013999999999999999,0.648,0.001,0.111,0.047,0.001
43,Arcadia Unified,823,350,0.8914,0.8686,798,303,0.9934000000000001,0.9769,0.8114,0.9703,0.425273390036452,0.37969924812030076,11.57,12188.0,95684.0,0.017,0.001,0.647,0.032,0.161,0.001,0.107,0.027000000000000003,0.006999999999999999
44,Norwalk-La Mirada Unified,1387,293,0.6724,0.3993,1352,1174,0.4514,0.2325,0.3754,0.2138,0.21124729632299927,0.8683431952662722,0.39,13962.0,77957.0,0.023,0.002,0.043,0.027999999999999997,0.797,0.004,0.071,0.019,0.012
45,Compton Unified,1337,848,0.32780000000000004,0.1167,1321,956,0.318,0.1402,0.1002,0.1266,0.6342557965594615,0.7236941710825132,23.51,15206.0,54613.0,0.193,0.002,0.001,0.0,0.7829999999999999,0.005,0.002,0.004,0.01
46,Newport-Mesa Unified,1740,361,0.7812,0.59,1755,103,0.9709,0.9515,0.5596,0.932,0.2074712643678161,0.05868945868945869,39.11,15125.0,101383.0,0.008,0.001,0.048,0.008,0.46299999999999997,0.005,0.41200000000000003,0.05,0.005
47,Santa Ana Unified,4240,2823,0.3843,0.27449999999999997,4019,123,0.9431,0.9187000000000001,0.23800000000000002,0.9024,0.6658018867924528,0.03060462801691963,8.8,14679.0,68140.0,0.002,0.003,0.02,0.002,0.9590000000000001,0.002,0.009000000000000001,0.003,0.001
48,Palm Springs Unified,1842,541,0.6043999999999999,0.3383,1738,193,0.7047,0.41450000000000004,0.3179,0.3886,0.2937024972855592,0.11104718066743383,34.32,14904.0,48120.0,0.045,0.005,0.008,0.019,0.799,0.001,0.099,0.025,0.0
49,Sacramento City Unified,3219,695,0.6920999999999999,0.4547,3084,2338,0.4966,0.3212,0.4158,0.2943,0.21590556073314693,0.75810635538262,20.35,14667.0,59648.0,0.139,0.005,0.17,0.013999999999999999,0.41,0.02,0.16399999999999998,0.07400000000000001,0.004
51,Rialto Unified,2046,483,0.5672999999999999,0.39130000000000004,1864,1638,0.35960000000000003,0.1789,0.34369999999999995,0.15810000000000002,0.23607038123167157,0.878755364806867,22.65,14090.0,60828.0,0.083,0.002,0.006,0.004,0.861,0.004,0.027999999999999997,0.012,0.0
52,San Marcos Unified,1626,505,0.8395999999999999,0.5743,1611,228,0.9473999999999999,0.8245999999999999,0.5624,0.807,0.3105781057810578,0.14152700186219738,4.26,11775.0,86027.0,0.001,0.016,0.055,0.023,0.45899999999999996,0.004,0.39299999999999996,0.049,0.0
56,East Nicolaus Joint Union High,75,35,0.4857,0.2,79,18,0.5556,0.16670000000000001,0.2,0.16670000000000001,0.4666666666666667,0.22784810126582278,23.2,12096.0,70400.0,0.013000000000000001,0.01,0.036000000000000004,0.003,0.188,0.01,0.657,0.045,0.039
58,Hayward Unified,1699,505,0.5761999999999999,0.3446,1647,17,0.9412,0.8234999999999999,0.3109,0.8234999999999999,0.2972336668628605,0.010321797207043109,14.72,14523.0,86336.0,0.078,0.002,0.084,0.07,0.647,0.032,0.045,0.04,0.004
59,San Lorenzo Unified,1014,315,0.746,0.5524,1094,17,1.0,1.0,0.5206000000000001,1.0,0.3106508875739645,0.015539305301645339,0.31,13748.0,79082.0,0.08199999999999999,0.003,0.161,0.067,0.5660000000000001,0.016,0.067,0.031,0.006999999999999999
60,Dublin Unified,789,294,0.9251999999999999,0.8197,814,278,0.982,0.9676,0.7959,0.9568000000000001,0.3726235741444867,0.3415233415233415,76.64,10903.0,150299.0,0.028999999999999998,0.001,0.58,0.05,0.09300000000000001,0.004,0.17,0.073,0.001
62,Liberty Union High,2090,594,0.8148000000000001,0.5740999999999999,2038,273,0.9048,0.7545999999999999,0.5488000000000001,0.7436,0.28421052631578947,0.133954857703631,29.63,12113.0,109430.0,0.086,0.006,0.049,0.055999999999999994,0.368,0.006999999999999999,0.37200000000000005,0.048,0.008
69,Lassen Union High,176,41,0.7561,0.46340000000000003,180,26,0.7692,0.7308,0.439,0.6923,0.23295454545454544,0.14444444444444443,30.98,12816.0,61034.0,0.012,0.044000000000000004,0.006999999999999999,0.006999999999999999,0.20800000000000002,0.017,0.618,0.071,0.016
70,El Segundo Unified,298,115,0.9043000000000001,0.7652,320,29,1.0,0.9309999999999999,0.713,0.9309999999999999,0.3859060402684564,0.090625,26.38,11604.0,109577.0,0.039,0.002,0.076,0.015,0.22399999999999998,0.003,0.484,0.156,0.0
73,Merced Union High,2639,665,0.6225999999999999,0.3128,2664,149,0.7718,0.4765,0.2977,0.45640000000000003,0.2519893899204244,0.05593093093093093,34.48,14146.0,51793.0,0.037000000000000005,0.005,0.078,0.008,0.706,0.003,0.146,0.009000000000000001,0.008
76,Corona-Norco Unified,4429,1647,0.7845,0.5719,4369,291,0.9519,0.8865999999999999,0.5471,0.8729,0.37186723865432375,0.06660563057907988,6.54,11658.0,94613.0,0.057999999999999996,0.003,0.113,0.032,0.536,0.004,0.225,0.021,0.006999999999999999
77,San Juan Unified,4598,862,0.7831,0.5684,4238,225,0.8622,0.7556,0.5394,0.7289,0.18747281426707263,0.053091080698442664,25.22,13148.0,63640.0,0.07,0.006,0.078,0.01,0.254,0.006,0.49700000000000005,0.07200000000000001,0.006
82,Lompoc Unified,632,79,0.8861,0.6203,685,522,0.5153,0.3046,0.6076,0.2759,0.125,0.762043795620438,31.11,12456.0,62740.0,0.022000000000000002,0.005,0.016,0.013000000000000001,0.688,0.002,0.207,0.046,0.001
85,Sutter Union High,181,43,0.7442,0.5814,206,21,0.8095,0.7619,0.5349,0.7143,0.23756906077348067,0.10194174757281553,27.03,11227.0,71914.0,0.002,0.016,0.027999999999999997,0.001,0.275,0.001,0.619,0.057,0.0
86,Corning Union High,255,18,0.5556,0.44439999999999996,249,69,0.6667000000000001,0.4203,0.3333,0.4058,0.07058823529411765,0.27710843373493976,44.77,13720.0,46302.0,0.005,0.016,0.016,0.004,0.622,0.001,0.303,0.013000000000000001,0.02
89,Simi Valley Unified,1491,349,0.8825,0.616,1372,102,0.9902,0.9314,0.6074,0.9216,0.2340710932260228,0.07434402332361516,11.95,11607.0,98876.0,0.011000000000000001,0.001,0.08,0.021,0.4,0.001,0.436,0.047,0.003
92,Coalinga-Huron Unified,304,70,0.5857,0.3,312,31,0.7419,0.5806,0.3,0.4839,0.23026315789473684,0.09935897435897435,47.59,13147.0,47078.0,0.01,0.003,0.015,0.004,0.818,0.0,0.09300000000000001,0.008,0.048
94,Claremont Unified,589,266,0.8797,0.6729,606,76,0.9868000000000001,0.9211,0.6654000000000001,0.9211,0.45161290322580644,0.1254125412541254,13.58,12213.0,97052.0,0.044000000000000004,0.002,0.10400000000000001,0.016,0.441,0.001,0.313,0.062,0.016
95,Downey Unified,2055,650,0.7015,0.4631,1959,1733,0.5216,0.3029,0.4354,0.2787,0.31630170316301703,0.8846350178662583,8.08,13423.0,74957.0,0.028999999999999998,0.001,0.018000000000000002,0.008,0.89,0.002,0.045,0.006999999999999999,0.0
96,La Canada Unified,340,157,0.9682,0.9107999999999999,325,108,1.0,1.0,0.9045000000000001,1.0,0.46176470588235297,0.3323076923076923,133.01,12010.0,186500.0,0.006,0.001,0.305,0.02,0.115,0.0,0.446,0.10400000000000001,0.005
97,South Pasadena Unified,324,178,0.9494,0.8371,368,68,0.9706,0.9853000000000001,0.8146,0.9706,0.5493827160493827,0.18478260869565216,17.16,11279.0,104370.0,0.015,0.001,0.32799999999999996,0.025,0.23199999999999998,0.0,0.249,0.127,0.023
98,Temple City Unified,510,207,0.9275,0.8986,459,133,0.9699,0.9623999999999999,0.8647,0.9398000000000001,0.40588235294117647,0.289760348583878,22.12,11524.0,74057.0,0.005,0.001,0.645,0.018000000000000002,0.223,0.002,0.062,0.04,0.003
99,Torrance Unified,2007,707,0.8684999999999999,0.7440000000000001,1930,240,0.9708,0.9417,0.7058,0.9333,0.35226706527154955,0.12435233160621761,2.03,11194.0,93597.0,0.040999999999999995,0.001,0.28800000000000003,0.05,0.32,0.004,0.201,0.087,0.006
100,Walnut Valley Unified,1354,687,0.9272,0.8661,1216,429,0.9743999999999999,0.9790000000000001,0.8326,0.965,0.5073855243722304,0.3527960526315789,16.19,11162.0,104237.0,0.013999999999999999,0.0,0.601,0.057999999999999996,0.226,0.004,0.055999999999999994,0.039,0.001
111,Pajaro Valley Unified,1331,337,0.6557999999999999,0.4421,1433,25,0.92,0.84,0.4036,0.84,0.2531930879038317,0.017445917655268667,0.74,15343.0,71880.0,0.004,0.002,0.006999999999999999,0.006,0.84,0.001,0.13,0.009000000000000001,0.002
112,Scotts Valley Unified,230,84,0.9167000000000001,0.7262000000000001,257,19,1.0,0.8946999999999999,0.7143,0.8946999999999999,0.3652173913043478,0.07392996108949416,28.71,10448.0,117083.0,0.003,0.003,0.067,0.01,0.179,0.001,0.621,0.11199999999999999,0.003
118,Davis Joint Unified,737,292,0.9178000000000001,0.8595999999999999,751,286,0.9825,0.951,0.8288,0.9440999999999999,0.39620081411126185,0.3808255659121172,20.53,12987.0,67918.0,0.028999999999999998,0.004,0.155,0.01,0.22699999999999998,0.003,0.49,0.075,0.006
119,Fremont Unified,2608,801,0.9126000000000001,0.8227,2592,1084,0.9889,0.9815,0.799,0.9751000000000001,0.3071319018404908,0.4182098765432099,58.64,11629.0,133339.0,0.018000000000000002,0.003,0.6579999999999999,0.047,0.142,0.006,0.09,0.03,0.008
120,Piedmont City Unified,210,72,0.9582999999999999,0.9028,238,22,1.0,0.9545,0.9028,0.9545,0.34285714285714286,0.09243697478991597,222.24,17680.0,224205.0,0.015,0.0,0.133,0.008,0.096,0.0,0.564,0.183,0.001
121,San Leandro Unified,727,163,0.7239,0.3865,681,448,0.5647,0.3594,0.36810000000000004,0.33039999999999997,0.22420907840440166,0.657856093979442,6.72,12979.0,78181.0,0.11699999999999999,0.002,0.17,0.066,0.486,0.01,0.08,0.053,0.015
122,Fresno Unified,4948,1101,0.6175999999999999,0.3161,4916,65,0.9231,0.8308,0.3006,0.8,0.2225141471301536,0.01322213181448332,44.87,14625.0,41704.0,0.08,0.006,0.107,0.004,0.687,0.004,0.08800000000000001,0.025,0.0
125,Wasco Union High,405,303,0.3333,0.2079,431,75,0.76,0.56,0.1782,0.52,0.7481481481481481,0.1740139211136891,63.09,12441.0,39137.0,0.012,0.0,0.002,0.001,0.943,0.0,0.042,0.0,0.001
127,Lynwood Unified,1033,753,0.3161,0.10619999999999999,990,812,0.33130000000000004,0.1219,0.0956,0.10710000000000001,0.7289448209099709,0.8202020202020202,38.88,13451.0,52007.0,0.047,0.001,0.002,0.0,0.94,0.002,0.006,0.001,0.0
128,Whittier Union High,2932,1113,0.7026,0.4996,2800,260,0.65,0.45380000000000004,0.45640000000000003,0.4077,0.3796043656207367,0.09285714285714286,9.45,15862.0,75733.0,0.013000000000000001,0.002,0.013999999999999999,0.012,0.892,0.002,0.061,0.002,0.001
129,Rowland Unified,1152,353,0.7648999999999999,0.5949,1101,95,0.9684,0.9262999999999999,0.5496,0.9158,0.3064236111111111,0.08628519527702089,4.33,13586.0,76914.0,0.027000000000000003,0.001,0.201,0.067,0.6409999999999999,0.003,0.037000000000000005,0.016,0.006999999999999999
130,Tamalpais Union High,1232,385,0.9481,0.8338,1256,82,0.9634,0.9756,0.8234,0.9634,0.3125,0.06528662420382166,114.04,19565.0,134656.0,0.019,0.003,0.047,0.006,0.142,0.004,0.6990000000000001,0.043,0.037000000000000005
134,Chaffey Joint Union High,5973,2375,0.6897,0.45770000000000005,5960,223,0.9103,0.8341,0.4265,0.8161,0.39762263519169594,0.037416107382550336,6.2,13298.0,76972.0,0.07400000000000001,0.004,0.068,0.021,0.647,0.005,0.153,0.024,0.004
135,Apple Valley Unified,1014,245,0.7429000000000001,0.3347,1068,227,0.7841,0.4537,0.3306,0.41850000000000004,0.2416173570019724,0.21254681647940074,55.27,10396.0,55159.0,0.077,0.005,0.019,0.005,0.511,0.005,0.34700000000000003,0.032,0.0
136,Coronado Unified,289,138,0.9493,0.8623000000000001,280,33,0.9697,0.9697,0.8406,0.9394,0.47750865051903113,0.11785714285714285,41.4,13948.0,108967.0,0.01,0.003,0.013999999999999999,0.018000000000000002,0.22699999999999998,0.005,0.581,0.08199999999999999,0.06
137,Grossmont Union High,5396,1389,0.7963,0.6494,5160,113,0.9469,0.8673000000000001,0.6076,0.8495999999999999,0.25741289844329135,0.021899224806201552,4.98,14539.0,71670.0,0.062,0.008,0.023,0.017,0.402,0.006999999999999999,0.423,0.054000000000000006,0.004
139,Tracy Joint Unified,1643,473,0.797,0.6089,1511,41,0.878,0.7805,0.5729,0.7805,0.2878880097382836,0.027134348113831898,2.58,12026.0,89840.0,0.055,0.003,0.124,0.054000000000000006,0.5329999999999999,0.012,0.174,0.045,0.0
142,Milpitas Unified,842,301,0.8904000000000001,0.8206,836,176,0.9716,0.9659,0.7874,0.9489,0.35748218527315917,0.21052631578947367,61.17,12280.0,131954.0,0.017,0.003,0.529,0.149,0.19699999999999998,0.004,0.042,0.055999999999999994,0.002
143,Santa Cruz City High,837,244,0.8279000000000001,0.7008,881,57,0.9649,0.9649,0.6598,0.9473999999999999,0.2915173237753883,0.06469920544835414,46.82,287.0,111992.0,0.019,0.004,0.028999999999999998,0.008,0.385,0.002,0.512,0.04,0.0
148,Newark Unified,462,154,0.7662,0.5065,466,20,0.75,0.65,0.5065,0.55,0.3333333333333333,0.04291845493562232,44.09,12769.0,116856.0,0.028999999999999998,0.003,0.16699999999999998,0.09,0.521,0.018000000000000002,0.105,0.052000000000000005,0.016
149,Pleasanton Unified,1279,432,0.9420999999999999,0.8611,1275,451,0.9911,0.9823000000000001,0.8449,0.9734,0.3377638780297107,0.3537254901960784,92.66,12065.0,156342.0,0.013999999999999999,0.001,0.475,0.018000000000000002,0.1,0.002,0.33,0.055,0.006
158,Glendale Unified,2067,632,0.8829,0.7563,1948,196,0.9847,0.9592,0.731,0.9592,0.3057571359458152,0.10061601642710473,22.17,12505.0,69114.0,0.011000000000000001,0.001,0.113,0.045,0.2,0.001,0.593,0.035,0.0
159,Redondo Beach Unified,791,201,0.9104000000000001,0.7662,785,69,0.971,0.9565,0.7463,0.9420000000000001,0.25410872313527183,0.08789808917197452,28.28,11081.0,113596.0,0.031,0.003,0.107,0.018000000000000002,0.242,0.001,0.446,0.14800000000000002,0.004
164,Placentia-Yorba Linda Unified,2172,707,0.8698999999999999,0.7779,2073,266,0.9812000000000001,0.9699,0.7495999999999999,0.9549,0.3255064456721915,0.12831644958996624,13.79,11385.0,101349.0,0.012,0.002,0.172,0.024,0.442,0.002,0.307,0.039,0.0
165,Saddleback Valley Unified,2344,626,0.8946,0.7476,2278,364,0.956,0.9011,0.73,0.8845999999999999,0.26706484641638223,0.15978928884986832,15.39,11797.0,100470.0,0.012,0.001,0.087,0.035,0.373,0.002,0.40399999999999997,0.07400000000000001,0.012
166,Nuview Union,140,106,0.7170000000000001,0.4623,145,140,0.7356999999999999,0.4643,0.4057,0.4643,0.7571428571428571,0.9655172413793104,30.0,12193.0,64877.0,0.022000000000000002,0.001,0.008,0.006,0.807,0.003,0.138,0.015,0.0
172,Lincoln Unified,786,194,0.7887000000000001,0.6289,743,22,0.9545,0.9545,0.6031,0.9545,0.24681933842239187,0.029609690444145357,30.93,11860.0,65858.0,0.113,0.004,0.099,0.03,0.503,0.008,0.191,0.049,0.002
174,Jefferson Union High,1229,917,0.5845,0.4089,1203,83,0.8795000000000001,0.8072,0.37189999999999995,0.7711,0.7461350691619203,0.06899418121363259,30.15,13761.0,101575.0,0.013000000000000001,0.001,0.149,0.289,0.314,0.01,0.141,0.075,0.008
175,Sequoia Union High,2518,892,0.8184,0.6939,2579,277,0.9856,0.9711,0.6659,0.9675,0.35424940428911833,0.10740597130670802,112.2,19367.0,134282.0,0.024,0.003,0.08900000000000001,0.013999999999999999,0.452,0.02,0.35,0.046,0.001
177,Palo Alto Unified,1024,337,0.9555,0.9168999999999999,1048,378,1.0,0.9947,0.905,0.9947,0.3291015625,0.3606870229007634,160.36,23038.0,151578.0,0.017,0.001,0.375,0.009000000000000001,0.139,0.01,0.33899999999999997,0.11,0.0
181,Yuba City Unified,988,150,0.7867000000000001,0.6467,991,76,0.7895,0.7631999999999999,0.62,0.6711,0.15182186234817813,0.07669021190716448,32.6,13243.0,57703.0,0.017,0.006,0.198,0.005,0.46399999999999997,0.003,0.249,0.049,0.008
183,Woodland Joint Unified,749,162,0.716,0.41979999999999995,713,20,0.9,0.6,0.3951,0.6,0.2162883845126836,0.028050490883590462,23.57,12383.0,68687.0,0.013000000000000001,0.005,0.054000000000000006,0.006999999999999999,0.695,0.004,0.188,0.024,0.01
184,Acalanes Union High,1385,461,0.9675,0.8633,1438,261,0.9884999999999999,0.9579000000000001,0.8568000000000001,0.9501999999999999,0.3328519855595668,0.18150208623087621,77.56,15267.0,129146.0,0.016,0.002,0.14,0.022000000000000002,0.10300000000000001,0.001,0.637,0.07,0.009000000000000001
185,Pittsburg Unified,938,265,0.5925,0.35090000000000005,937,149,0.6644,0.44299999999999995,0.3396,0.41609999999999997,0.28251599147121537,0.15901814300960512,19.4,13431.0,66535.0,0.158,0.002,0.032,0.05,0.649,0.012,0.049,0.045,0.004
186,Kerman Unified,367,96,0.7188,0.2813,398,31,0.5484,0.1935,0.2708,0.1935,0.2615803814713896,0.07788944723618091,55.23,11744.0,48445.0,0.005,0.004,0.044000000000000004,0.0,0.872,0.0,0.071,0.004,0.0
188,Bishop Unified,154,37,0.7568,0.6215999999999999,157,24,0.75,0.7082999999999999,0.5676,0.5832999999999999,0.24025974025974026,0.15286624203821655,33.45,11871.0,63934.0,0.004,0.157,0.008,0.001,0.395,0.001,0.35700000000000004,0.068,0.01
189,Bonita Unified,868,271,0.8412999999999999,0.6273,872,565,0.8053,0.6726000000000001,0.5978,0.6301,0.3122119815668203,0.6479357798165137,5.69,11358.0,87054.0,0.024,0.001,0.066,0.023,0.546,0.001,0.245,0.062,0.031
191,Palos Verdes Peninsula Unified,972,385,0.9455,0.8623000000000001,1046,196,0.9898,0.9847,0.8416,0.9745,0.39609053497942387,0.18738049713193117,89.27,12484.0,151740.0,0.02,0.002,0.27899999999999997,0.021,0.141,0.002,0.42700000000000005,0.09699999999999999,0.012
192,Los Banos Unified,794,230,0.6043,0.3522,838,16,0.875,0.875,0.33039999999999997,0.8125,0.28967254408060455,0.01909307875894988,35.68,11990.0,61691.0,0.015,0.003,0.009000000000000001,0.006999999999999999,0.8440000000000001,0.006,0.102,0.008,0.006
194,Western Placer Unified,856,155,0.7613,0.5418999999999999,818,136,0.7940999999999999,0.5367999999999999,0.5032,0.5074000000000001,0.1810747663551402,0.16625916870415647,6.81,11111.0,87463.0,0.022000000000000002,0.006999999999999999,0.025,0.021,0.275,0.005,0.578,0.052000000000000005,0.013000000000000001
196,Perris Union High,2218,693,0.6392,0.33909999999999996,2313,24,1.0,0.7917000000000001,0.3146,0.7917000000000001,0.31244364292155097,0.010376134889753566,39.82,13112.0,53010.0,0.053,0.002,0.013000000000000001,0.024,0.7120000000000001,0.004,0.147,0.044000000000000004,0.001
199,Vista Unified,2324,531,0.7476,0.5706,2325,38,0.9211,0.8684000000000001,0.5347999999999999,0.8421,0.2284853700516351,0.016344086021505378,0.97,14041.0,78566.0,0.022000000000000002,0.003,0.02,0.013999999999999999,0.655,0.006,0.225,0.055,0.001
202,Linden Unified,166,34,0.6470999999999999,0.3235,177,67,0.6866,0.3582,0.3235,0.3582,0.20481927710843373,0.3785310734463277,24.39,12259.0,68706.0,0.004,0.011000000000000001,0.015,0.003,0.639,0.005,0.309,0.013000000000000001,0.0
203,Lodi Unified,2543,627,0.7798999999999999,0.6315999999999999,2348,91,0.9120999999999999,0.8351999999999999,0.5885,0.7912,0.24655918206842312,0.038756388415672915,22.05,12898.0,67240.0,0.067,0.004,0.18,0.035,0.465,0.006999999999999999,0.187,0.03,0.024
207,Campbell Union High,1992,614,0.8567,0.7345,2085,228,1.0,0.9649,0.7068000000000001,0.9649,0.30823293172690763,0.1093525179856115,52.01,13624.0,118447.0,0.027000000000000003,0.004,0.187,0.023,0.33799999999999997,0.005,0.359,0.042,0.015
208,San Jose Unified,2661,652,0.7914,0.6304,2486,1962,0.6487999999999999,0.49439999999999995,0.6058,0.475,0.2450206689214581,0.7892196299275945,30.93,12414.0,108893.0,0.025,0.002,0.13699999999999998,0.019,0.529,0.003,0.22399999999999998,0.057999999999999996,0.003
214,New Haven Unified,1057,332,0.8133,0.5964,945,87,0.9540000000000001,0.9079999999999999,0.5633,0.8966,0.3140964995269631,0.09206349206349207,34.82,12269.0,112496.0,0.046,0.006,0.259,0.192,0.373,0.016,0.059000000000000004,0.05,0.0
215,Oakland Unified,3663,1118,0.5376,0.3775,3420,77,0.8961,0.8051999999999999,0.3479,0.8051999999999999,0.3052143052143052,0.022514619883040935,5.1,15652.0,73561.0,0.217,0.002,0.115,0.008,0.478,0.008,0.098,0.051,0.022000000000000002
218,Riverdale Joint Unified,138,41,0.6585,0.34149999999999997,124,31,0.6452,0.5161,0.3171,0.45159999999999995,0.2971014492753623,0.25,37.01,14576.0,47768.0,0.006,0.003,0.005,0.0,0.872,0.0,0.114,0.001,0.0
223,El Monte Union High,2171,646,0.6997,0.5201,2104,50,0.98,0.94,0.46590000000000004,0.94,0.2975587286964532,0.02376425855513308,25.52,15285.0,52729.0,0.003,0.0,0.196,0.006,0.7809999999999999,0.0,0.011000000000000001,0.002,0.002
226,Pasadena Unified,1400,433,0.6720999999999999,0.4249,1280,44,0.8636,0.7273000000000001,0.4042,0.7045,0.3092857142857143,0.034375,12.96,14190.0,86695.0,0.111,0.002,0.054000000000000006,0.019,0.578,0.002,0.191,0.037000000000000005,0.005
227,William S. Hart Union High,4117,1280,0.8805,0.6906,4043,672,0.9702,0.8765000000000001,0.6758,0.8704999999999999,0.3109059995142094,0.1662132080138511,21.78,11989.0,104240.0,0.039,0.002,0.07400000000000001,0.05,0.42200000000000004,0.002,0.364,0.045,0.002
229,Madera Unified,1377,219,0.5571,0.18719999999999998,1383,1102,0.3249,0.1679,0.17809999999999998,0.1379,0.15904139433551198,0.7968185104844541,43.45,13001.0,50878.0,0.013000000000000001,0.005,0.012,0.002,0.9059999999999999,0.0,0.051,0.006999999999999999,0.005
230,Novato Unified,708,264,0.8144,0.6439,685,29,1.0,0.9655,0.6023,0.9655,0.3728813559322034,0.042335766423357665,32.56,13101.0,106657.0,0.023,0.008,0.052000000000000005,0.01,0.402,0.003,0.431,0.07,0.001
235,Fullerton Joint Union High,3462,1150,0.8339,0.6896,3365,445,0.9887999999999999,0.9618000000000001,0.6652,0.9551000000000001,0.3321779318313114,0.13224368499257058,8.97,12063.0,81100.0,0.018000000000000002,0.002,0.185,0.035,0.584,0.003,0.135,0.037000000000000005,0.001
236,Garden Grove Unified,3479,1387,0.7476999999999999,0.6128,3547,306,0.9608,0.9346,0.5631,0.915,0.39867778097154355,0.08627008739780095,15.49,13564.0,68762.0,0.006,0.001,0.354,0.011000000000000001,0.53,0.004,0.067,0.015,0.012
237,Roseville Joint Union High,2637,837,0.8602,0.6977,2653,279,0.9749,0.871,0.6690999999999999,0.8674,0.3174061433447099,0.10516396532227666,9.79,12476.0,92924.0,0.035,0.006999999999999999,0.095,0.039,0.201,0.006,0.555,0.046,0.016
239,Riverside Unified,3319,1222,0.7070000000000001,0.5,3197,137,0.9197,0.8759,0.4705,0.8540000000000001,0.3681831877071407,0.04285267438223334,11.41,13303.0,73093.0,0.062,0.003,0.035,0.012,0.659,0.003,0.191,0.021,0.013000000000000001
240,Val Verde Unified,1739,1384,0.3736,0.1655,1672,1380,0.4043,0.1913,0.1503,0.16449999999999998,0.7958596894767107,0.8253588516746412,13.54,13534.0,70358.0,0.11699999999999999,0.003,0.015,0.012,0.784,0.002,0.042,0.018000000000000002,0.006
242,Redlands Unified,1734,1084,0.6531,0.488,1761,1350,0.7156,0.5074000000000001,0.45299999999999996,0.47700000000000004,0.6251441753171857,0.7666098807495741,15.89,11919.0,76699.0,0.062,0.003,0.084,0.025,0.519,0.004,0.252,0.048,0.003
243,Hesperia Unified,1923,436,0.6215999999999999,0.3716,1963,243,0.4979,0.251,0.3394,0.214,0.2267290691627665,0.1237901171676006,38.91,12694.0,55778.0,0.07200000000000001,0.003,0.01,0.004,0.703,0.003,0.18899999999999997,0.015,0.001
247,Oceanside Unified,1560,351,0.7606999999999999,0.584,1477,18,0.8889,0.7778,0.5556,0.7778,0.225,0.012186865267433988,23.89,13154.0,64597.0,0.039,0.003,0.017,0.024,0.564,0.017,0.254,0.07,0.013000000000000001
249,Santa Ynez Valley Union High,218,59,0.8136,0.6271,236,83,0.8795000000000001,0.7951999999999999,0.6271,0.747,0.2706422018348624,0.3516949152542373,16.91,13573.0,92708.0,0.006,0.006,0.003,0.003,0.465,0.0,0.469,0.047,0.0
252,Patterson Joint Unified,504,212,0.6368,0.2783,479,159,0.6225999999999999,0.3145,0.2547,0.28300000000000003,0.42063492063492064,0.33194154488517746,14.39,13614.0,69330.0,0.048,0.005,0.024,0.016,0.76,0.018000000000000002,0.099,0.013999999999999999,0.016
254,Visalia Unified,2155,425,0.7718,0.4682,2220,36,0.8332999999999999,0.8332999999999999,0.4424,0.7778,0.19721577726218098,0.016216216216216217,35.48,12279.0,60393.0,0.013999999999999999,0.005,0.040999999999999995,0.008,0.6970000000000001,0.002,0.18100000000000002,0.026000000000000002,0.027999999999999997
259,Mt. Diablo Unified,2260,537,0.8045,0.6127,2072,94,0.9681000000000001,0.9468000000000001,0.5922,0.9362,0.23761061946902653,0.045366795366795366,23.19,13284.0,98809.0,0.031,0.001,0.078,0.044000000000000004,0.43,0.006,0.28300000000000003,0.079,0.049
260,Lake Tahoe Unified,276,78,0.7692,0.5640999999999999,288,24,0.7917000000000001,0.5832999999999999,0.5,0.5,0.2826086956521739,0.08333333333333333,33.54,13165.0,57396.0,0.004,0.003,0.013000000000000001,0.032,0.445,0.002,0.462,0.032,0.008
261,Kings Canyon Joint Unified,762,185,0.627,0.2973,773,75,0.68,0.44,0.2757,0.38670000000000004,0.24278215223097113,0.09702457956015524,49.5,13273.0,45038.0,0.002,0.003,0.006,0.005,0.8909999999999999,0.0,0.08199999999999999,0.01,0.0
262,Central Unified,1118,241,0.6846,0.2988,1114,362,0.5912,0.3204,0.278,0.2901,0.21556350626118068,0.3249551166965889,32.81,11995.0,63792.0,0.084,0.004,0.15,0.009000000000000001,0.607,0.002,0.127,0.017,0.0
263,Kern High,10529,2851,0.604,0.3978,9933,239,0.728,0.6695,0.3592,0.6234000000000001,0.2707759521322063,0.024061210107721737,31.89,14008.0,54398.0,0.055999999999999994,0.006,0.028999999999999998,0.012,0.69,0.003,0.185,0.011000000000000001,0.008
264,Lemoore Union High,504,113,0.7168000000000001,0.4336,563,19,0.8946999999999999,0.7895,0.41590000000000005,0.7368000000000001,0.22420634920634921,0.03374777975133215,31.93,12518.0,61824.0,0.039,0.027000000000000003,0.009000000000000001,0.039,0.589,0.006,0.237,0.054000000000000006,0.0
265,Irvine Unified,2687,951,0.9201,0.9222,2659,693,0.9884999999999999,0.987,0.8801000000000001,0.9769,0.3539263118719762,0.2606242948476871,21.74,11451.0,106905.0,0.019,0.001,0.48100000000000004,0.027999999999999997,0.11699999999999999,0.002,0.256,0.09,0.005
266,Placer Union High,974,269,0.8848,0.7509,1026,114,0.9649,0.8859999999999999,0.7062999999999999,0.8772,0.27618069815195073,0.1111111111111111,3.76,12944.0,80554.0,0.006999999999999999,0.008,0.013999999999999999,0.006,0.15,0.001,0.7509999999999999,0.049,0.013000000000000001
267,Galt Joint Union High,518,190,0.6842,0.4579,527,66,0.7879,0.6515000000000001,0.4158,0.6061,0.3667953667953668,0.1252371916508539,2.08,14169.0,75670.0,0.013999999999999999,0.0,0.021,0.004,0.57,0.001,0.33399999999999996,0.046,0.008
268,Bear Valley Unified,188,43,0.8140000000000001,0.6744,195,19,0.8946999999999999,0.8946999999999999,0.6512,0.8421,0.22872340425531915,0.09743589743589744,46.85,12197.0,52384.0,0.009000000000000001,0.003,0.009000000000000001,0.002,0.371,0.002,0.5589999999999999,0.044000000000000004,0.001
269,Colton Joint Unified,1576,440,0.5932,0.3136,1649,195,0.5897,0.37439999999999996,0.28859999999999997,0.3436,0.27918781725888325,0.11825348696179502,31.33,12720.0,61254.0,0.052000000000000005,0.001,0.013999999999999999,0.006999999999999999,0.865,0.002,0.05,0.009000000000000001,0.0
271,Escondido Union High,2436,758,0.6992,0.4459,2342,60,1.0,0.9333,0.4169,0.9333,0.3111658456486043,0.025619128949615714,6.72,14895.0,68598.0,0.016,0.003,0.027999999999999997,0.019,0.659,0.001,0.242,0.023,0.009000000000000001
274,Poway Unified,2988,1071,0.9244,0.8693000000000001,2855,824,0.9793999999999999,0.9818000000000001,0.8356999999999999,0.9648,0.35843373493975905,0.2886164623467601,41.41,12266.0,117394.0,0.017,0.001,0.22699999999999998,0.059000000000000004,0.17300000000000001,0.002,0.406,0.113,0.001
275,Stockton Unified,2760,2042,0.31980000000000003,0.1812,2636,1728,0.2836,0.1655,0.1567,0.1267,0.7398550724637681,0.6555386949924128,37.98,15106.0,44393.0,0.1,0.01,0.087,0.036000000000000004,0.68,0.005,0.047,0.034,0.001
278,Orcutt Union Elementary,128,40,0.925,0.825,142,26,0.9615,1.0,0.825,0.9615,0.3125,0.18309859154929578,5.45,11083.0,88607.0,0.006,0.006,0.013999999999999999,0.013000000000000001,0.51,0.002,0.363,0.06,0.025
279,East Side Union High,6739,1589,0.7936,0.6670999999999999,6372,4701,0.6037,0.5073,0.6318,0.4673,0.2357916604837513,0.737758945386064,32.15,13317.0,105274.0,0.018000000000000002,0.002,0.33,0.061,0.509,0.006,0.047,0.024,0.003
280,Mountain View-Los Altos Union High,1106,348,0.9079999999999999,0.7902,1099,304,0.9934000000000001,0.9803000000000001,0.7759,0.977,0.31464737793851716,0.27661510464058237,168.4,23203.0,156702.0,0.012,0.001,0.249,0.019,0.256,0.004,0.376,0.081,0.003
281,Santa Clara Unified,1154,249,0.8715,0.6948000000000001,1147,775,0.7445,0.5922999999999999,0.6827,0.5639,0.21577123050259966,0.6756756756756757,105.7,19279.0,129906.0,0.025,0.005,0.317,0.06,0.33799999999999997,0.005,0.19,0.053,0.006999999999999999
287,Oxnard Union High,4095,2653,0.4301,0.2488,4223,40,0.725,0.675,0.23070000000000002,0.675,0.6478632478632479,0.00947193937958797,4.77,13175.0,78649.0,0.012,0.001,0.021,0.033,0.79,0.002,0.115,0.026000000000000002,0.0
291,Chico Unified,1135,229,0.8690000000000001,0.7555,1114,93,0.9570000000000001,0.914,0.7073999999999999,0.9031999999999999,0.20176211453744494,0.08348294434470377,32.0,13350.0,57611.0,0.021,0.012,0.045,0.005,0.256,0.004,0.574,0.062,0.021
293,Calaveras Unified,212,26,0.5769,0.5385,234,52,0.7115,0.6346,0.46149999999999997,0.5769,0.12264150943396226,0.2222222222222222,28.76,12559.0,63967.0,0.006999999999999999,0.016,0.006999999999999999,0.004,0.231,0.0,0.664,0.065,0.006999999999999999
295,Antioch Unified,1410,231,0.7012999999999999,0.3983,1316,37,0.8649,0.7837999999999999,0.381,0.7568,0.16382978723404254,0.02811550151975684,6.29,13551.0,75642.0,0.244,0.006,0.042,0.045,0.47600000000000003,0.015,0.121,0.051,0.001
296,Kingsburg Joint Union High,275,61,0.8361,0.6720999999999999,282,36,0.8889,0.75,0.6393,0.75,0.22181818181818183,0.1276595744680851,25.81,12350.0,67198.0,0.001,0.003,0.024,0.002,0.618,0.0,0.33399999999999996,0.018000000000000002,0.0
301,Orland Joint Unified,192,32,0.6563,0.4375,180,16,0.8125,0.625,0.4375,0.625,0.16666666666666666,0.08888888888888889,50.8,12312.0,48881.0,0.004,0.009000000000000001,0.02,0.002,0.662,0.0,0.29100000000000004,0.009000000000000001,0.001
303,Brawley Union High,456,113,0.6018,0.2212,479,15,0.8667,0.6,0.21239999999999998,0.6,0.24780701754385964,0.031315240083507306,47.62,14081.0,42384.0,0.009000000000000001,0.0,0.004,0.003,0.937,0.0,0.043,0.003,0.0
305,Taft Union High,259,57,0.6842,0.4035,251,44,0.6591,0.34090000000000004,0.31579999999999997,0.3182,0.22007722007722008,0.1752988047808765,9.03,23039.0,39520.0,0.006,0.004,0.003,0.003,0.561,0.002,0.408,0.008,0.005
309,Culver City Unified,519,200,0.81,0.54,585,37,0.973,0.9459000000000001,0.535,0.9459000000000001,0.3853564547206166,0.06324786324786325,9.09,11949.0,95044.0,0.11599999999999999,0.001,0.106,0.015,0.371,0.003,0.258,0.12,0.009000000000000001
311,Santa Monica-Malibu Unified,849,564,0.7961,0.5727,891,96,0.9167000000000001,0.8332999999999999,0.5674,0.8229000000000001,0.6643109540636042,0.10774410774410774,48.97,16566.0,101476.0,0.061,0.002,0.062,0.006999999999999999,0.295,0.002,0.495,0.069,0.008
317,Napa Valley Unified,1530,384,0.7734000000000001,0.5339,1488,33,1.0,0.8484999999999999,0.5104,0.8484999999999999,0.25098039215686274,0.02217741935483871,3.2,12313.0,88859.0,0.021,0.002,0.024,0.068,0.564,0.002,0.27399999999999997,0.043,0.001
318,Capistrano Unified,4799,1147,0.9031999999999999,0.7044,4641,566,0.9788,0.9488,0.6914,0.9399,0.23900812669306107,0.12195647489765137,28.42,10665.0,115783.0,0.013999999999999999,0.002,0.066,0.019,0.27399999999999997,0.001,0.524,0.076,0.024
320,Beaumont Unified,758,164,0.7378,0.34759999999999996,785,605,0.5587,0.2777,0.34149999999999997,0.2545,0.21635883905013192,0.7707006369426752,18.8,11807.0,75103.0,0.055999999999999994,0.005,0.024,0.023,0.513,0.002,0.317,0.051,0.009000000000000001
322,Mountain Empire Unified,369,50,0.58,0.26,333,50,0.52,0.34,0.24,0.3,0.13550135501355012,0.15015015015015015,21.28,14510.0,59746.0,0.025,0.025,0.013000000000000001,0.005,0.494,0.002,0.368,0.059000000000000004,0.009000000000000001
323,Sweetwater Union High,7629,2413,0.7493000000000001,0.5184000000000001,6760,227,0.9470999999999999,0.8414,0.48450000000000004,0.8414,0.3162930921483812,0.033579881656804735,19.34,12831.0,69583.0,0.03,0.004,0.018000000000000002,0.087,0.7090000000000001,0.004,0.10400000000000001,0.04,0.005
326,San Mateo Union High,2542,932,0.9067000000000001,0.7779,2436,405,0.9826999999999999,0.9654,0.7554000000000001,0.9556,0.36664044059795436,0.16625615763546797,107.2,19357.0,130632.0,0.008,0.001,0.226,0.052000000000000005,0.318,0.019,0.275,0.10099999999999999,0.0
327,Fremont Union High,2763,819,0.9231,0.9011,2824,1144,0.9904000000000001,0.9886,0.8767,0.9834,0.2964169381107492,0.40509915014164305,117.22,15994.0,154876.0,0.008,0.002,0.58,0.026000000000000002,0.147,0.003,0.154,0.061,0.02
331,Porterville Unified,1616,337,0.6113000000000001,0.3591,1711,76,0.75,0.5789,0.3234,0.5395,0.20853960396039603,0.04441846873173583,55.27,13584.0,39205.0,0.003,0.021,0.013999999999999999,0.008,0.825,0.004,0.107,0.01,0.008
333,Livermore Valley Joint Unified,1148,325,0.8862000000000001,0.7754000000000001,1116,131,0.9771,0.9389,0.7415,0.9312999999999999,0.28310104529616725,0.11738351254480286,55.38,12373.0,127200.0,0.012,0.004,0.10300000000000001,0.028999999999999998,0.32,0.003,0.441,0.086,0.002
335,El Dorado Union High,1653,543,0.8692,0.7643000000000001,1703,169,0.9704,0.9704,0.7238,0.9586,0.32849364791288566,0.09923664122137404,5.97,12260.0,91182.0,0.01,0.009000000000000001,0.053,0.013999999999999999,0.17600000000000002,0.003,0.6759999999999999,0.055999999999999994,0.002
341,Las Virgenes Unified,963,349,0.9168999999999999,0.7278,980,109,0.9817,0.9541,0.7192000000000001,0.9541,0.3624091381100727,0.11122448979591837,55.45,11420.0,132023.0,0.019,0.005,0.064,0.009000000000000001,0.127,0.001,0.7070000000000001,0.057,0.011000000000000001
342,San Marino Unified,264,126,0.9523999999999999,0.9444,275,106,0.9811,0.9906,0.9286,0.9811,0.4772727272727273,0.38545454545454544,108.59,14406.0,156429.0,0.006999999999999999,0.002,0.586,0.019,0.04,0.001,0.22699999999999998,0.113,0.006
345,Ukiah Unified,494,98,0.8469,0.5816,485,34,0.9412,0.7940999999999999,0.5611999999999999,0.7940999999999999,0.19838056680161945,0.07010309278350516,35.05,13764.0,53277.0,0.006,0.051,0.009000000000000001,0.006,0.5329999999999999,0.0,0.35,0.04,0.004
350,Temecula Valley Unified,2502,977,0.8475,0.6437999999999999,2380,202,0.9505,0.8911,0.6141,0.8861,0.3904876099120703,0.08487394957983194,8.04,10666.0,100688.0,0.035,0.006999999999999999,0.046,0.051,0.353,0.003,0.405,0.099,0.001
351,Murrieta Valley Unified,2120,849,0.7903,0.5548,2082,152,0.8946999999999999,0.8618000000000001,0.5312,0.8289,0.40047169811320754,0.07300672430355427,4.33,11338.0,94577.0,0.054000000000000006,0.003,0.040999999999999995,0.037000000000000005,0.39899999999999997,0.006,0.369,0.081,0.01
352,Elk Grove Unified,5307,1744,0.7929999999999999,0.6342,5137,254,0.9645999999999999,0.9251999999999999,0.6026,0.9134,0.3286225739589222,0.04944520147946272,7.49,12557.0,79728.0,0.109,0.004,0.265,0.059000000000000004,0.276,0.018000000000000002,0.175,0.09300000000000001,0.0
354,Yucaipa-Calimesa Joint Unified,735,203,0.7881999999999999,0.5911,756,65,0.9231,0.8308,0.5665,0.8154,0.2761904761904762,0.08597883597883597,26.99,11758.0,69281.0,0.015,0.004,0.013999999999999999,0.006,0.45399999999999996,0.002,0.488,0.016,0.002
355,Carlsbad Unified,919,324,0.8981,0.7778,997,173,0.9769,0.9422,0.7562000000000001,0.9422,0.352557127312296,0.17352056168505517,10.93,11270.0,99805.0,0.01,0.003,0.057999999999999996,0.008,0.276,0.002,0.5539999999999999,0.09,0.0
369,Long Beach Unified,5944,3622,0.5297999999999999,0.315,5570,127,0.8898,0.8109999999999999,0.2949,0.8031,0.6093539703903096,0.02280071813285458,22.05,13175.0,65851.0,0.126,0.002,0.07400000000000001,0.032,0.5820000000000001,0.012,0.125,0.043,0.005
370,San Gabriel Unified,594,226,0.8584,0.7434000000000001,549,128,0.9297,0.9531000000000001,0.6947,0.9218999999999999,0.38047138047138046,0.2331511839708561,13.16,13559.0,70511.0,0.013999999999999999,0.001,0.46299999999999997,0.019,0.40700000000000003,0.002,0.051,0.023,0.019
373,San Jacinto Unified,851,215,0.5953,0.2605,833,64,0.40630000000000005,0.2813,0.2465,0.23440000000000003,0.2526439482961222,0.07683073229291716,43.23,13377.0,49159.0,0.079,0.016,0.009000000000000001,0.008,0.738,0.006,0.115,0.027000000000000003,0.001
374,River Delta Joint Unified,169,67,0.597,0.2836,190,40,0.475,0.275,0.25370000000000004,0.25,0.39644970414201186,0.21052631578947367,24.19,13088.0,64701.0,0.025,0.003,0.006,0.008,0.53,0.004,0.342,0.055,0.027000000000000003
377,Chino Valley Unified,2337,1635,0.6361,0.42200000000000004,2346,1974,0.6403,0.4509,0.3945,0.4174,0.699614890885751,0.8414322250639387,0.05,10931.0,93442.0,0.037000000000000005,0.002,0.184,0.048,0.5579999999999999,0.003,0.13699999999999998,0.026000000000000002,0.006
378,Upland Unified,912,332,0.6958,0.4819,777,22,0.9545,0.9091,0.4669,0.9091,0.36403508771929827,0.028314028314028315,17.12,12066.0,75048.0,0.076,0.001,0.054000000000000006,0.017,0.585,0.004,0.225,0.021,0.017
379,Shasta Union High,1273,198,0.9192,0.8029999999999999,1285,54,0.9444,0.9074,0.7778,0.9074,0.15553809897879026,0.04202334630350195,36.66,12856.0,56631.0,0.013000000000000001,0.028999999999999998,0.048,0.006,0.14400000000000002,0.005,0.682,0.067,0.006999999999999999
383,Vallejo City Unified,1032,278,0.6403,0.3237,1000,127,0.4961,0.19690000000000002,0.30219999999999997,0.1732,0.2693798449612403,0.127,16.77,13268.0,69300.0,0.257,0.003,0.028999999999999998,0.138,0.45399999999999996,0.019,0.065,0.027999999999999997,0.005
385,Ventura Unified,1185,317,0.8801000000000001,0.7319,1329,155,0.9548000000000001,0.8323,0.7066,0.8194,0.26751054852320677,0.11662904439428141,12.82,12006.0,78534.0,0.011000000000000001,0.002,0.027000000000000003,0.006999999999999999,0.5489999999999999,0.001,0.36200000000000004,0.04,0.0
386,Conejo Valley Unified,1733,601,0.9118,0.7887000000000001,1768,223,0.9954999999999999,0.9731000000000001,0.7687,0.9731000000000001,0.346797461050202,0.126131221719457,24.8,11119.0,110829.0,0.013999999999999999,0.003,0.09,0.012,0.293,0.003,0.527,0.057999999999999996,0.0
389,Alameda Unified,928,398,0.8342,0.7211,889,110,0.9727,0.9181999999999999,0.6984999999999999,0.9,0.42887931034482757,0.12373453318335208,32.25,13436.0,104756.0,0.065,0.003,0.253,0.055,0.182,0.006,0.276,0.132,0.027999999999999997
392,Fowler Unified,169,41,0.46340000000000003,0.1463,214,34,0.6765000000000001,0.3529,0.1463,0.3529,0.24260355029585798,0.1588785046728972,40.26,13169.0,52399.0,0.006999999999999999,0.003,0.09,0.0,0.81,0.0,0.081,0.008,0.0
394,Caruthers Unified,163,64,0.2813,0.17190000000000003,138,28,0.7143,0.2857,0.125,0.2143,0.39263803680981596,0.2028985507246377,44.92,13779.0,45893.0,0.003,0.005,0.038,0.0,0.853,0.002,0.092,0.006999999999999999,0.0
395,Northern Humboldt Union High,408,85,0.8706,0.7176,415,31,0.9355,0.8387,0.6706,0.8387,0.20833333333333334,0.0746987951807229,39.33,14340.0,47230.0,0.009000000000000001,0.049,0.015,0.001,0.139,0.005,0.665,0.091,0.026000000000000002
403,Pomona Unified,1978,628,0.5924,0.3057,1660,29,0.8621,0.7241,0.2787,0.7241,0.31749241658240646,0.01746987951807229,10.84,15089.0,64578.0,0.04,0.002,0.036000000000000004,0.01,0.865,0.002,0.028999999999999998,0.009000000000000001,0.006999999999999999
406,Salinas Union High,2783,738,0.6003000000000001,0.36310000000000003,2719,36,0.7778,0.5832999999999999,0.3306,0.5832999999999999,0.2651814588573482,0.013240161824200073,24.34,12953.0,65268.0,0.006999999999999999,0.001,0.009000000000000001,0.016,0.898,0.001,0.06,0.006,0.001
408,Tustin Unified,1981,695,0.8288,0.7006999999999999,2045,251,0.988,0.988,0.6718999999999999,0.9801000000000001,0.3508329126703685,0.12273838630806846,1.66,11031.0,91676.0,0.016,0.001,0.207,0.023,0.466,0.003,0.22899999999999998,0.05,0.005
411,Rocklin Unified,1247,438,0.9155,0.7785,1186,154,0.961,0.9286,0.7603,0.8896,0.351242983159583,0.12984822934232715,11.71,11360.0,99933.0,0.015,0.003,0.102,0.035,0.16699999999999998,0.003,0.5770000000000001,0.083,0.015
412,Alvord Unified,1423,343,0.6501,0.4286,1464,1229,0.4174,0.2465,0.3994,0.2205,0.2410400562192551,0.8394808743169399,11.26,13771.0,70862.0,0.038,0.002,0.037000000000000005,0.015,0.8,0.005,0.087,0.013999999999999999,0.002
413,Moreno Valley Unified,2333,1843,0.35810000000000003,0.1693,2415,36,0.7222,0.5556,0.15410000000000001,0.5,0.7899699957136734,0.014906832298136646,18.89,14013.0,64003.0,0.13,0.002,0.013999999999999999,0.012,0.738,0.006999999999999999,0.063,0.03,0.005
414,Folsom-Cordova Unified,1688,406,0.9163,0.7906,1627,194,0.9845,0.9433,0.7759,0.9433,0.24052132701421802,0.11923786109403811,1.13,11775.0,88346.0,0.047,0.003,0.183,0.023,0.22699999999999998,0.008,0.41600000000000004,0.092,0.002
415,Morongo Unified,553,104,0.7212000000000001,0.41350000000000003,594,38,0.8684000000000001,0.6842,0.3942,0.6579,0.18806509945750452,0.06397306397306397,54.3,13105.0,42323.0,0.085,0.01,0.017,0.02,0.35,0.012,0.5,0.0,0.006999999999999999
418,Manteca Unified,1929,466,0.6995999999999999,0.4077,1911,20,0.7,0.75,0.38630000000000003,0.65,0.24157594608605495,0.010465724751439037,18.79,12178.0,73257.0,0.059000000000000004,0.004,0.09699999999999999,0.052000000000000005,0.5710000000000001,0.01,0.168,0.038,0.0
419,Lucia Mar Unified,838,236,0.8008,0.6186,829,42,0.9048,0.7857,0.589,0.7857,0.28162291169451076,0.05066344993968637,14.01,11770.0,78837.0,0.006,0.004,0.013999999999999999,0.011000000000000001,0.47700000000000004,0.001,0.435,0.042,0.01
421,South San Francisco Unified,663,211,0.763,0.5829,692,18,1.0,0.9444,0.5403,0.9444,0.31825037707390647,0.02601156069364162,32.51,13184.0,106209.0,0.011000000000000001,0.002,0.142,0.22699999999999998,0.47600000000000003,0.018000000000000002,0.064,0.06,0.001
422,Los Gatos-Saratoga Union High,892,294,0.9592,0.9116,885,269,0.9851000000000001,0.9814,0.8878,0.9740000000000001,0.3295964125560538,0.303954802259887,166.66,17307.0,184917.0,0.002,0.001,0.32,0.004,0.078,0.002,0.46299999999999997,0.091,0.039
424,Vacaville Unified,1021,355,0.8056,0.5661999999999999,1061,42,0.9048,0.7381,0.5379999999999999,0.7143,0.3476983349657199,0.03958529688972667,7.69,11479.0,84968.0,0.057999999999999996,0.004,0.027999999999999997,0.035,0.39,0.006,0.385,0.09,0.005
427,Windsor Unified,476,122,0.7623000000000001,0.6065999999999999,442,48,0.8957999999999999,0.8125,0.5738,0.7707999999999999,0.25630252100840334,0.1085972850678733,25.15,12148.0,105938.0,0.006,0.006999999999999999,0.016,0.004,0.551,0.003,0.377,0.035,0.001
429,Turlock Unified,1269,369,0.7615000000000001,0.4607,1274,40,0.95,0.8,0.4526,0.8,0.2907801418439716,0.03139717425431711,37.52,12863.0,55962.0,0.02,0.006,0.055999999999999994,0.001,0.5920000000000001,0.005,0.294,0.013000000000000001,0.013000000000000001
436,John Swett Unified,148,49,0.6939,0.449,118,47,0.8298000000000001,0.5745,0.4286,0.5745,0.3310810810810811,0.3983050847457627,1.61,12782.0,82956.0,0.146,0.006,0.1,0.106,0.37,0.003,0.152,0.107,0.008
439,Kelseyville Unified,138,32,0.6875,0.2813,164,39,0.5897,0.2821,0.25,0.2821,0.2318840579710145,0.23780487804878048,30.03,14408.0,53778.0,0.006,0.026000000000000002,0.001,0.005,0.441,0.0,0.457,0.061,0.003
440,Beverly Hills Unified,333,128,0.9375,0.8828,356,214,0.8879,0.715,0.8438,0.7056,0.3843843843843844,0.601123595505618,77.88,19769.0,106857.0,0.025,0.002,0.114,0.006,0.086,0.002,0.6890000000000001,0.054000000000000006,0.022000000000000002
441,Burbank Unified,1335,490,0.8837,0.7509999999999999,1360,84,0.9881,0.9286,0.7245,0.9286,0.36704119850187267,0.061764705882352944,16.14,12056.0,75827.0,0.025,0.002,0.055999999999999994,0.036000000000000004,0.32899999999999996,0.001,0.475,0.053,0.023
443,Glendora Unified,612,208,0.9279000000000001,0.851,630,56,1.0,0.9643,0.8173,0.9643,0.33986928104575165,0.08888888888888889,8.67,11441.0,97274.0,0.012,0.002,0.10400000000000001,0.023,0.456,0.001,0.34600000000000003,0.055,0.0
444,Los Angeles Unified,41110,17095,0.5578,0.34119999999999995,41476,23406,0.43189999999999995,0.2675,0.31579999999999997,0.2376,0.41583556312332765,0.564326357411515,10.41,15793.0,61375.0,0.076,0.002,0.036000000000000004,0.019,0.742,0.002,0.102,0.016,0.005
445,Alhambra Unified,1805,821,0.7917000000000001,0.6979000000000001,1650,177,0.9548000000000001,0.9434999999999999,0.6431,0.9153,0.4548476454293629,0.10727272727272727,20.86,14392.0,60647.0,0.006,0.001,0.501,0.024,0.409,0.001,0.021,0.027000000000000003,0.011000000000000001
447,Fort Bragg Unified,138,41,0.6829000000000001,0.3171,152,16,0.4375,0.375,0.2927,0.3125,0.2971014492753623,0.10526315789473684,36.4,14147.0,50363.0,0.004,0.008,0.008,0.0,0.447,0.0,0.44299999999999995,0.057,0.031
448,Soledad Unified,384,136,0.3897,0.0882,349,288,0.2882,0.09380000000000001,0.0882,0.0764,0.3541666666666667,0.8252148997134671,23.53,13498.0,63142.0,0.004,0.001,0.01,0.01,0.9490000000000001,0.001,0.021,0.003,0.0
449,Huntington Beach Union High,4111,1324,0.8663,0.7545000000000001,3907,394,0.9745999999999999,0.9745999999999999,0.7281,0.9594,0.32206275845293114,0.10084463782953673,5.65,12816.0,88159.0,0.009000000000000001,0.003,0.28,0.013000000000000001,0.289,0.004,0.349,0.045,0.008
450,Banning Unified,323,62,0.5806,0.2742,339,36,0.6944,0.3056,0.2581,0.25,0.19195046439628483,0.10619469026548672,48.09,13707.0,43906.0,0.073,0.026000000000000002,0.040999999999999995,0.01,0.711,0.001,0.109,0.027999999999999997,0.0
451,Desert Sands Unified,2328,549,0.6849,0.42619999999999997,2270,2000,0.499,0.284,0.40979999999999994,0.2645,0.23582474226804123,0.8810572687224669,31.78,13157.0,58738.0,0.015,0.002,0.02,0.006999999999999999,0.746,0.001,0.171,0.02,0.019
453,Fontana Unified,2962,2510,0.361,0.1805,2857,2592,0.37579999999999997,0.218,0.155,0.1929,0.8474004051316678,0.9072453622681134,12.93,15045.0,63253.0,0.049,0.001,0.015,0.011000000000000001,0.8740000000000001,0.002,0.038,0.011000000000000001,0.0
455,San Lorenzo Valley Unified,318,75,0.8533,0.6933,314,16,0.875,0.875,0.6533,0.8125,0.2358490566037736,0.050955414012738856,6.77,11012.0,98013.0,0.006,0.002,0.049,0.01,0.198,0.003,0.589,0.087,0.057
458,Benicia Unified,437,127,0.8268000000000001,0.7087,399,22,1.0,1.0,0.6772,1.0,0.2906178489702517,0.05513784461152882,13.06,10914.0,103163.0,0.064,0.004,0.048,0.071,0.203,0.002,0.446,0.14300000000000002,0.021
459,Fairfield-Suisun Unified,1512,350,0.8114,0.6029,1538,56,1.0,0.8571,0.5857,0.8571,0.23148148148148148,0.036410923276983094,11.18,11182.0,83874.0,0.135,0.003,0.057999999999999996,0.09,0.452,0.011000000000000001,0.156,0.092,0.002
464,Ojai Unified,201,60,0.85,0.7667,209,18,0.9444,0.8889,0.7667,0.8889,0.29850746268656714,0.0861244019138756,10.9,12123.0,79371.0,0.008,0.002,0.013999999999999999,0.005,0.38,0.001,0.552,0.038,0.0
465,Moorpark Unified,538,120,0.8417,0.725,526,40,0.975,0.85,0.675,0.85,0.22304832713754646,0.07604562737642585,19.36,10939.0,107703.0,0.006999999999999999,0.001,0.049,0.01,0.503,0.0,0.379,0.05,0.0
466,Berkeley Unified,825,323,0.8606999999999999,0.7306999999999999,849,67,1.0,0.9851000000000001,0.7090000000000001,0.9851000000000001,0.39151515151515154,0.07891637220259129,32.14,17280.0,85444.0,0.127,0.003,0.083,0.008,0.221,0.001,0.413,0.141,0.001
468,West Contra Costa Unified,2579,1759,0.4275,0.2354,2382,32,0.875,0.7813,0.2194,0.7813,0.6820473051570376,0.01343408900083963,2.49,14231.0,78737.0,0.134,0.002,0.1,0.048,0.562,0.005,0.10099999999999999,0.047,0.002
469,Clovis Unified,3313,1227,0.8068000000000001,0.5925,3235,689,0.8403,0.6967,0.5664,0.672,0.3703591910654995,0.21298299845440494,8.38,11404.0,84832.0,0.032,0.006,0.14800000000000002,0.022000000000000002,0.392,0.003,0.36200000000000004,0.035,0.0
473,Hanford Joint Union High,900,207,0.7295,0.401,930,75,0.8533,0.7333,0.3768,0.68,0.23,0.08064516129032258,30.9,12744.0,61455.0,0.033,0.004,0.013000000000000001,0.015,0.6940000000000001,0.002,0.204,0.03,0.005
474,Covina-Valley Unified,1078,932,0.4667,0.2446,1031,17,0.8234999999999999,0.7646999999999999,0.22210000000000002,0.7059000000000001,0.8645640074211502,0.016488845780795344,7.78,13698.0,73801.0,0.027000000000000003,0.003,0.069,0.03,0.7879999999999999,0.002,0.069,0.012,0.002
475,Wiseburn Unified,468,155,0.7613,0.4065,377,16,0.875,0.9375,0.38060000000000005,0.875,0.3311965811965812,0.042440318302387266,30.05,12098.0,109818.0,0.14,0.002,0.045,0.013000000000000001,0.532,0.005,0.163,0.073,0.027000000000000003
477,Mariposa County Unified,135,27,0.8519,0.7406999999999999,135,16,0.9375,0.9375,0.7037,0.9375,0.2,0.11851851851851852,41.92,13686.0,48586.0,0.005,0.039,0.009000000000000001,0.006,0.22,0.0,0.638,0.068,0.016
482,Nevada Joint Union High,714,160,0.875,0.75,674,40,0.975,0.925,0.6938,0.925,0.22408963585434175,0.05934718100890208,11.64,15562.0,61621.0,0.009000000000000001,0.013999999999999999,0.011000000000000001,0.003,0.139,0.0,0.75,0.071,0.003
483,Anaheim Union High,5270,1438,0.7267,0.5153,5024,308,0.9708,0.9351,0.493,0.9286,0.272865275142315,0.06130573248407643,14.19,13449.0,70303.0,0.021,0.001,0.135,0.040999999999999995,0.688,0.004,0.087,0.018000000000000002,0.003
485,Lake Elsinore Unified,1606,462,0.7403,0.5281,1659,131,0.7709999999999999,0.6412,0.4935,0.5725,0.2876712328767123,0.07896323086196504,12.08,13176.0,73231.0,0.039,0.003,0.018000000000000002,0.015,0.633,0.003,0.239,0.047,0.003
486,San Benito High,765,250,0.768,0.43200000000000005,800,74,0.8108,0.7297,0.408,0.6892,0.32679738562091504,0.0925,2.0,12664.0,86216.0,0.005,0.003,0.013000000000000001,0.013000000000000001,0.755,0.001,0.17600000000000002,0.016,0.017
489,San Bernardino City Unified,3590,723,0.5339,0.2503,3654,2370,0.36369999999999997,0.1869,0.22820000000000001,0.1603,0.20139275766016712,0.6486042692939245,30.7,15714.0,46743.0,0.11,0.003,0.013000000000000001,0.004,0.7929999999999999,0.004,0.048,0.016,0.01
490,San Diego Unified,9075,3213,0.7193,0.493,8763,672,0.9717,0.9092,0.47090000000000004,0.8987999999999999,0.3540495867768595,0.0766860664156111,1.01,14457.0,75020.0,0.077,0.003,0.087,0.046,0.467,0.004,0.225,0.08,0.012
491,San Dieguito Union High,2215,675,0.9259000000000001,0.8563,2233,671,0.9925,0.9762000000000001,0.8311,0.9717,0.3047404063205418,0.30049261083743845,63.35,11865.0,135646.0,0.006999999999999999,0.002,0.174,0.008,0.157,0.001,0.584,0.066,0.001
493,San Luis Coastal Unified,583,190,0.8946999999999999,0.8053,613,50,0.98,0.9,0.7842,0.9,0.3259005145797599,0.08156606851549755,20.9,13356.0,65800.0,0.006999999999999999,0.003,0.033,0.019,0.294,0.002,0.583,0.057,0.001
495,Gilroy Unified,922,272,0.8125,0.6029,975,44,0.9545,0.9091,0.5809000000000001,0.8864,0.2950108459869848,0.04512820512820513,24.01,12490.0,103388.0,0.013999999999999999,0.004,0.042,0.027999999999999997,0.708,0.002,0.14800000000000002,0.031,0.023
501,Newman-Crows Landing Unified,228,74,0.5405,0.3243,266,228,0.4474,0.2061,0.2973,0.1974,0.32456140350877194,0.8571428571428571,24.47,13285.0,63512.0,0.016,0.002,0.006,0.008,0.7879999999999999,0.002,0.152,0.026000000000000002,0.0
505,Tulare Joint Union High,1328,409,0.5819,0.3912,1388,19,0.8421,0.7895,0.33740000000000003,0.7368000000000001,0.3079819277108434,0.013688760806916427,34.98,14165.0,51324.0,0.024,0.003,0.013000000000000001,0.004,0.7809999999999999,0.002,0.163,0.005,0.005
508,Selma Unified,472,137,0.5036,0.3285,521,32,0.7813,0.5938,0.2774,0.5625,0.2902542372881356,0.061420345489443376,46.32,14374.0,41884.0,0.002,0.002,0.033,0.0,0.912,0.001,0.047,0.002,0.0
509,Sierra Sands Unified,360,57,0.8421,0.7193,393,40,0.9,0.725,0.6842,0.725,0.15833333333333333,0.10178117048346055,24.73,12280.0,68347.0,0.052000000000000005,0.012,0.025,0.018000000000000002,0.304,0.006,0.542,0.039,0.001
512,Manhattan Beach Unified,691,266,0.9662000000000001,0.8759,648,96,1.0,0.9895999999999999,0.8722,0.9895999999999999,0.3849493487698987,0.14814814814814814,107.33,14901.0,153023.0,0.011000000000000001,0.001,0.10800000000000001,0.012,0.124,0.001,0.598,0.138,0.006
514,Chowchilla Union High,267,89,0.6404000000000001,0.2921,271,49,0.7551000000000001,0.6531,0.2697,0.5918,0.3333333333333333,0.18081180811808117,40.67,12769.0,54094.0,0.006999999999999999,0.005,0.026000000000000002,0.003,0.659,0.001,0.28,0.02,0.0
518,Natomas Unified,1250,459,0.732,0.451,1191,809,0.5352,0.3214,0.44229999999999997,0.3016,0.3672,0.6792611251049538,9.3,12033.0,81010.0,0.163,0.005,0.17600000000000002,0.047,0.32,0.017,0.16,0.11,0.002
522,Santa Maria Joint Union High,1993,457,0.6520999999999999,0.512,2015,23,1.0,1.0,0.43329999999999996,1.0,0.2293025589563472,0.01141439205955335,17.71,13174.0,69070.0,0.006,0.004,0.008,0.015,0.873,0.001,0.08,0.006999999999999999,0.005
523,Santa Barbara Unified,1631,502,0.8327,0.6853,1570,232,0.9483,0.9095,0.6594,0.8966,0.3077866339668915,0.14777070063694267,4.81,13495.0,77021.0,0.006999999999999999,0.003,0.027999999999999997,0.005,0.595,0.001,0.326,0.026000000000000002,0.011000000000000001
528,Sonoma Valley Unified,320,112,0.7589,0.5625,333,22,0.9545,0.8636,0.4911,0.8636,0.35,0.06606606606606606,11.35,14357.0,84669.0,0.005,0.004,0.013999999999999999,0.005,0.603,0.002,0.337,0.016,0.015
