,district,students_in_grade_12_20,sat_20_grade_12_takers,sat_20_grade_12_at_erwb_benchmark,sat_20_grade_12_at_math_benchmark,students_in_grade_11_20,sat_20_grade_11_takers,sat_20_grade_11_at_erwb_benchmark,sat_20_grade_11_at_math_benchmark,sat_20_grade_12_at_both_benchmarks,sat_20_grade_11_at_both_benchmarks,sat_20_g12_participation,sat_20_g11_Participation,act_test_takers_20,act_eng_20,act_read_20,act_math_20,act_sci_20,act_comp_over_21_20,act_20_participation
0,Castro Valley Unified,781,329,0.9057999999999999,0.7659999999999999,786,154,0.961,0.9351,0.7204,0.9220999999999999,0.4212548015364917,0.19592875318066158,99.0,25.0,26.0,25.0,25.0,0.83,0.1267605633802817
1,Maxwell Unified,26,8,,,23,9,,,,,0.3076923076923077,0.391304347826087,0.0,,,,,,0.0
2,Contra Costa County Office of Education,899,372,0.7608,0.5188,848,37,0.973,0.8378,0.5054,0.8378,0.41379310344827586,0.04363207547169811,102.0,18.0,19.0,18.0,18.0,0.31,0.11345939933259176
3,San Ramon Valley Unified,2748,1002,0.9511,0.8493,2760,838,0.9893000000000001,0.9761,0.8312999999999999,0.9714,0.3646288209606987,0.3036231884057971,962.0,28.0,28.0,28.0,27.0,0.91,0.3500727802037846
4,Sanger Unified,857,260,0.5577000000000001,0.3346,854,80,0.8375,0.7875,0.2808,0.725,0.3033838973162194,0.0936768149882904,71.0,18.0,20.0,20.0,20.0,0.41,0.08284714119019837
5,Upper Lake Unified,69,7,,,75,56,0.4643,0.10710000000000001,,0.10710000000000001,0.10144927536231885,0.7466666666666667,15.0,15.0,18.0,15.0,16.0,0.07,0.21739130434782608
6,Bellflower Unified,998,226,0.7965000000000001,0.5,960,15,1.0,0.8667,0.48229999999999995,0.8667,0.22645290581162325,0.015625,26.0,20.0,21.0,20.0,21.0,0.42,0.026052104208416832
7,West Covina Unified,1160,352,0.7898000000000001,0.5368999999999999,1100,26,0.8845999999999999,0.7308,0.4972,0.7308,0.30344827586206896,0.023636363636363636,55.0,23.0,23.0,23.0,23.0,0.65,0.04741379310344827
8,San Rafael City High,733,234,0.8761,0.6325,715,34,0.9412,0.8824,0.6197,0.8529000000000001,0.31923601637107774,0.04755244755244755,104.0,24.0,25.0,24.0,23.0,0.85,0.14188267394270124
9,Anderson Valley Unified,22,5,,,37,1,,,,,0.22727272727272727,0.02702702702702703,2.0,,,,,,0.09090909090909091
10,North Monterey County Unified,330,91,0.49450000000000005,0.2198,360,3,,,0.20879999999999999,,0.27575757575757576,0.008333333333333333,39.0,16.0,18.0,17.0,17.0,0.23,0.11818181818181818
11,Brea-Olinda Unified,450,125,0.904,0.768,443,55,0.9818000000000001,0.9818000000000001,0.7440000000000001,0.9818000000000001,0.2777777777777778,0.12415349887133183,79.0,24.0,24.0,25.0,25.0,0.72,0.17555555555555555
12,Orange Unified,2152,1676,0.5095000000000001,0.3126,2199,153,0.9542,0.8954000000000001,0.30010000000000003,0.8889,0.7788104089219331,0.06957708049113233,181.0,26.0,26.0,24.0,25.0,0.83,0.08410780669144981
13,Los Alamitos Unified,752,306,0.902,0.7059000000000001,803,119,0.9915999999999999,0.8992,0.6765000000000001,0.8992,0.40691489361702127,0.14819427148194272,262.0,26.0,27.0,25.0,25.0,0.82,0.3484042553191489
14,Tahoe-Truckee Unified,315,96,0.7604000000000001,0.6667000000000001,301,57,0.8946999999999999,0.8245999999999999,0.625,0.807,0.3047619047619048,0.1893687707641196,65.0,24.0,25.0,24.0,24.0,0.88,0.20634920634920634
15,Hemet Unified,1848,1232,0.4253,0.1989,1761,19,0.47369999999999995,0.5263,0.18510000000000001,0.4211,0.6666666666666666,0.010789324247586598,128.0,19.0,20.0,19.0,20.0,0.37,0.06926406926406926
16,Center Joint Unified,316,59,0.7797,0.7458,333,7,,,0.6779999999999999,,0.18670886075949367,0.021021021021021023,16.0,20.0,24.0,22.0,22.0,0.5,0.05063291139240506
17,Barstow Unified,370,34,0.7940999999999999,0.6175999999999999,380,0,,,0.5588000000000001,,0.0918918918918919,0.0,22.0,17.0,18.0,19.0,19.0,0.36,0.05945945945945946
18,Victor Valley Union High,2063,482,0.6162,0.31120000000000003,1995,1504,0.41359999999999997,0.2114,0.29460000000000003,0.1935,0.23364032961706252,0.7538847117794486,212.0,19.0,20.0,19.0,20.0,0.36,0.10276296655356278
19,Snowline Joint Unified,544,124,0.7903,0.5403,590,16,0.9375,0.9375,0.5161,0.875,0.22794117647058823,0.02711864406779661,37.0,21.0,23.0,22.0,22.0,0.65,0.06801470588235294
20,San Francisco Unified,4428,2043,0.7425,0.6324000000000001,4483,616,0.9448000000000001,0.9318000000000001,0.5815,0.9091,0.4613821138211382,0.13740798572384563,924.0,21.0,22.0,22.0,22.0,0.53,0.2086720867208672
21,San Luis Obispo County Office of Education,180,0,,,155,0,,,,,0.0,0.0,0.0,,,,,,0.0
22,La Honda-Pescadero Unified,21,15,0.8,0.7333,21,0,,,0.6667000000000001,,0.7142857142857143,0.0,0.0,,,,,,0.0
23,Morgan Hill Unified,678,264,0.7955,0.6742,682,84,0.9643,0.8809999999999999,0.6325999999999999,0.8571,0.3893805309734513,0.12316715542521994,119.0,25.0,26.0,25.0,24.0,0.84,0.17551622418879056
24,Twin Hills Union Elementary,25,0,,,24,0,,,,,0.0,0.0,1.0,,,,,,0.04
25,Woodlake Unified,171,34,0.6175999999999999,0.3529,173,0,,,0.29410000000000003,,0.19883040935672514,0.0,34.0,18.0,20.0,19.0,20.0,0.38,0.19883040935672514
26,Mesa Union Elementary,19,2,,,21,2,,,,,0.10526315789473684,0.09523809523809523,3.0,,,,,,0.15789473684210525
27,Oak Park Unified,404,134,0.9776,0.8731,410,98,0.9898,1.0,0.8582,0.9898,0.3316831683168317,0.23902439024390243,138.0,30.0,29.0,27.0,27.0,0.96,0.3415841584158416
28,Camptonville Elementary,44,5,,,61,20,0.7,0.5,,0.4,0.11363636363636363,0.32786885245901637,3.0,,,,,,0.06818181818181818
29,Albany City Unified,258,91,0.9451,0.9451,298,52,1.0,0.9808,0.9340999999999999,0.9808,0.35271317829457366,0.174496644295302,29.0,28.0,29.0,26.0,26.0,0.93,0.1124031007751938
30,Gridley Unified,165,53,0.5472,0.4717,172,3,,,0.3774,,0.3212121212121212,0.01744186046511628,21.0,21.0,23.0,22.0,21.0,0.62,0.12727272727272726
31,Del Norte County Office of Education,100,0,,,53,0,,,,,0.0,0.0,0.0,,,,,,0.0
32,Del Norte County Unified,244,10,,,227,2,,,,,0.040983606557377046,0.00881057268722467,32.0,20.0,21.0,21.0,21.0,0.53,0.13114754098360656
33,Washington Unified,337,114,0.4561,0.193,342,5,,,0.16670000000000001,,0.33827893175074186,0.014619883040935672,144.0,16.0,18.0,17.0,18.0,0.16,0.42729970326409494
34,Humboldt County Office of Education,100,13,,,97,0,,,,,0.13,0.0,0.0,,,,,,0.0
35,Fortuna Union High,230,70,0.7857,0.5143,279,18,0.8889,0.7222,0.5143,0.6667000000000001,0.30434782608695654,0.06451612903225806,8.0,,,,,,0.034782608695652174
36,Central Union High,958,219,0.6620999999999999,0.4703,954,6,,,0.3973,,0.22860125260960334,0.006289308176100629,98.0,18.0,20.0,20.0,19.0,0.4,0.1022964509394572
37,Lone Pine Unified,18,11,,,22,0,,,,,0.6111111111111112,0.0,0.0,,,,,,0.0
38,Delano Joint Union High,1022,271,0.5129,0.3395,1102,18,0.7778,0.6111,0.2768,0.6111,0.2651663405088063,0.016333938294010888,185.0,18.0,20.0,20.0,18.0,0.35,0.18101761252446183
39,Big Valley Joint Unified,14,6,,,11,2,,,,,0.42857142857142855,0.18181818181818182,,,,,,,
40,Fort Sage Unified,35,2,,,43,0,,,,,0.05714285714285714,0.0,0.0,,,,,,0.0
41,Los Angeles County Office of Education,1032,324,0.6142,0.38270000000000004,1199,22,0.8636,0.7726999999999999,0.3611,0.7726999999999999,0.313953488372093,0.01834862385321101,0.0,,,,,,0.0
42,Antelope Valley Union High,5585,1028,0.6448999999999999,0.2918,5273,3842,0.41590000000000005,0.2043,0.2792,0.1864,0.18406445837063562,0.7286174853024844,317.0,20.0,21.0,19.0,20.0,0.39,0.0567591763652641
43,Arcadia Unified,823,350,0.8914,0.8686,798,303,0.9934000000000001,0.9769,0.8114,0.9703,0.425273390036452,0.37969924812030076,151.0,29.0,29.0,29.0,28.0,0.91,0.18347509113001215
44,Norwalk-La Mirada Unified,1387,293,0.6724,0.3993,1352,1174,0.4514,0.2325,0.3754,0.2138,0.21124729632299927,0.8683431952662722,95.0,19.0,20.0,19.0,20.0,0.32,0.0684931506849315
45,Compton Unified,1337,848,0.32780000000000004,0.1167,1321,956,0.318,0.1402,0.1002,0.1266,0.6342557965594615,0.7236941710825132,205.0,16.0,17.0,17.0,16.0,0.13,0.15332834704562454
46,Newport-Mesa Unified,1740,361,0.7812,0.59,1755,103,0.9709,0.9515,0.5596,0.932,0.2074712643678161,0.05868945868945869,613.0,26.0,26.0,25.0,25.0,0.8,0.35229885057471266
47,Santa Ana Unified,4240,2823,0.3843,0.27449999999999997,4019,123,0.9431,0.9187000000000001,0.23800000000000002,0.9024,0.6658018867924528,0.03060462801691963,1099.0,18.0,19.0,19.0,19.0,0.33,0.25919811320754715
48,Palm Springs Unified,1842,541,0.6043999999999999,0.3383,1738,193,0.7047,0.41450000000000004,0.3179,0.3886,0.2937024972855592,0.11104718066743383,209.0,18.0,20.0,19.0,19.0,0.37,0.11346362649294245
49,Sacramento City Unified,3219,695,0.6920999999999999,0.4547,3084,2338,0.4966,0.3212,0.4158,0.2943,0.21590556073314693,0.75810635538262,395.0,20.0,21.0,20.0,21.0,0.46,0.1227089158123641
50,Twin Rivers Unified,2363,1136,0.3072,0.1673,1800,10,,,0.1417,,0.4807448159119763,0.005555555555555556,95.0,19.0,21.0,19.0,20.0,0.36,0.040203131612357175
51,Rialto Unified,2046,483,0.5672999999999999,0.39130000000000004,1864,1638,0.35960000000000003,0.1789,0.34369999999999995,0.15810000000000002,0.23607038123167157,0.878755364806867,157.0,17.0,18.0,19.0,18.0,0.34,0.07673509286412512
52,San Marcos Unified,1626,505,0.8395999999999999,0.5743,1611,228,0.9473999999999999,0.8245999999999999,0.5624,0.807,0.3105781057810578,0.14152700186219738,447.0,22.0,23.0,22.0,22.0,0.59,0.27490774907749077
53,Coast Unified,49,18,0.7778,0.6667000000000001,43,5,,,0.6667000000000001,,0.3673469387755102,0.11627906976744186,6.0,,,,,,0.12244897959183673
54,Butte Valley Unified,18,2,,,24,10,,,,,0.1111111111111111,0.4166666666666667,0.0,,,,,,0.0
55,Guerneville Elementary,24,2,,,26,1,,,,,0.08333333333333333,0.038461538461538464,0.0,,,,,,0.0
56,East Nicolaus Joint Union High,75,35,0.4857,0.2,79,18,0.5556,0.16670000000000001,0.2,0.16670000000000001,0.4666666666666667,0.22784810126582278,1.0,,,,,,0.013333333333333334
57,Alpaugh Unified,84,7,,,93,2,,,,,0.08333333333333333,0.021505376344086023,1.0,,,,,,0.011904761904761904
58,Hayward Unified,1699,505,0.5761999999999999,0.3446,1647,17,0.9412,0.8234999999999999,0.3109,0.8234999999999999,0.2972336668628605,0.010321797207043109,225.0,19.0,20.0,19.0,20.0,0.4,0.13243084167157151
59,San Lorenzo Unified,1014,315,0.746,0.5524,1094,17,1.0,1.0,0.5206000000000001,1.0,0.3106508875739645,0.015539305301645339,196.0,21.0,21.0,21.0,21.0,0.51,0.1932938856015779
60,Dublin Unified,789,294,0.9251999999999999,0.8197,814,278,0.982,0.9676,0.7959,0.9568000000000001,0.3726235741444867,0.3415233415233415,203.0,27.0,27.0,27.0,27.0,0.84,0.2572877059569075
61,Pierce Joint Unified,107,33,0.6667000000000001,0.3636,109,3,,,0.3636,,0.308411214953271,0.027522935779816515,13.0,,,,,,0.12149532710280374
62,Liberty Union High,2090,594,0.8148000000000001,0.5740999999999999,2038,273,0.9048,0.7545999999999999,0.5488000000000001,0.7436,0.28421052631578947,0.133954857703631,245.0,22.0,24.0,22.0,22.0,0.68,0.11722488038277512
63,Parlier Unified,253,60,0.35,0.16670000000000001,268,1,,,0.1333,,0.23715415019762845,0.0037313432835820895,38.0,15.0,18.0,17.0,18.0,0.18,0.15019762845849802
64,Southern Humboldt Joint Unified,49,9,,,50,1,,,,,0.1836734693877551,0.02,3.0,,,,,,0.061224489795918366
65,Inyo County Office of Education,330,26,0.11539999999999999,0.0,646,0,,,0.0,,0.07878787878787878,0.0,0.0,,,,,,0.0
66,El Tejon Unified,71,13,,,63,1,,,,,0.18309859154929578,0.015873015873015872,0.0,,,,,,0.0
67,Corcoran Joint Unified,197,44,0.4318,0.11359999999999999,237,2,,,0.11359999999999999,,0.2233502538071066,0.008438818565400843,30.0,15.0,17.0,17.0,18.0,0.1,0.15228426395939088
68,Kit Carson Union Elementary,142,2,,,299,0,,,,,0.014084507042253521,0.0,0.0,,,,,,0.0
69,Lassen Union High,176,41,0.7561,0.46340000000000003,180,26,0.7692,0.7308,0.439,0.6923,0.23295454545454544,0.14444444444444443,26.0,19.0,22.0,20.0,21.0,0.38,0.14772727272727273
70,El Segundo Unified,298,115,0.9043000000000001,0.7652,320,29,1.0,0.9309999999999999,0.713,0.9309999999999999,0.3859060402684564,0.090625,70.0,26.0,26.0,26.0,26.0,0.87,0.2348993288590604
71,Lawndale Elementary,124,72,0.625,0.43060000000000004,120,1,,,0.3889,,0.5806451612903226,0.008333333333333333,0.0,,,,,,0.0
72,Marin County Office of Education,100,0,,,42,0,,,,,0.0,0.0,0.0,,,,,,0.0
73,Merced Union High,2639,665,0.6225999999999999,0.3128,2664,149,0.7718,0.4765,0.2977,0.45640000000000003,0.2519893899204244,0.05593093093093093,228.0,19.0,21.0,19.0,20.0,0.36,0.08639636225843123
74,Gustine Unified,148,32,0.3125,0.1563,143,0,,,0.125,,0.21621621621621623,0.0,2.0,,,,,,0.013513513513513514
75,Modoc Joint Unified,51,10,,,67,2,,,,,0.19607843137254902,0.029850746268656716,23.0,14.0,16.0,16.0,17.0,0.09,0.45098039215686275
76,Corona-Norco Unified,4429,1647,0.7845,0.5719,4369,291,0.9519,0.8865999999999999,0.5471,0.8729,0.37186723865432375,0.06660563057907988,558.0,21.0,22.0,21.0,22.0,0.54,0.12598780763151954
77,San Juan Unified,4598,862,0.7831,0.5684,4238,225,0.8622,0.7556,0.5394,0.7289,0.18747281426707263,0.053091080698442664,436.0,24.0,25.0,24.0,24.0,0.71,0.09482383645063071
78,Adelanto Elementary,17,0,,,19,0,,,,,0.0,0.0,0.0,,,,,,0.0
79,Julian Union Elementary,72,11,,,104,1,,,,,0.1527777777777778,0.009615384615384616,1.0,,,,,,0.013888888888888888
80,Escalon Unified,196,57,0.7368000000000001,0.6491,230,4,,,0.5965,,0.29081632653061223,0.017391304347826087,17.0,21.0,22.0,22.0,21.0,0.59,0.08673469387755102
81,New Jerusalem Elementary,657,52,0.6923,0.32689999999999997,579,3,,,0.28850000000000003,,0.0791476407914764,0.0051813471502590676,10.0,,,,,,0.015220700152207
82,Lompoc Unified,632,79,0.8861,0.6203,685,522,0.5153,0.3046,0.6076,0.2759,0.125,0.762043795620438,52.0,22.0,24.0,22.0,23.0,0.69,0.08227848101265822
83,Santa Cruz County Office of Education,508,74,0.9459000000000001,0.8108,395,34,1.0,1.0,0.8108,1.0,0.14566929133858267,0.08607594936708861,0.0,,,,,,0.0
84,Travis Unified,422,148,0.8378,0.527,469,12,,,0.5203,,0.35071090047393366,0.0255863539445629,27.0,23.0,24.0,23.0,23.0,0.7,0.06398104265402843
85,Sutter Union High,181,43,0.7442,0.5814,206,21,0.8095,0.7619,0.5349,0.7143,0.23756906077348067,0.10194174757281553,26.0,21.0,23.0,22.0,22.0,0.62,0.143646408839779
86,Corning Union High,255,18,0.5556,0.44439999999999996,249,69,0.6667000000000001,0.4203,0.3333,0.4058,0.07058823529411765,0.27710843373493976,86.0,17.0,19.0,17.0,17.0,0.22,0.33725490196078434
87,Tulare County Office of Education,448,39,0.8974,0.7692,221,4,,,0.7692,,0.08705357142857142,0.01809954751131222,0.0,,,,,,0.0
88,Sonora Union High,252,38,0.9211,0.7631999999999999,282,7,,,0.7368000000000001,,0.15079365079365079,0.024822695035460994,5.0,,,,,,0.01984126984126984
89,Simi Valley Unified,1491,349,0.8825,0.616,1372,102,0.9902,0.9314,0.6074,0.9216,0.2340710932260228,0.07434402332361516,114.0,26.0,26.0,25.0,25.0,0.85,0.07645875251509054
90,Yuba County Office of Education,88,0,,,113,0,,,,,0.0,0.0,0.0,,,,,,0.0
91,Amador County Unified,319,69,0.8551000000000001,0.6087,332,14,,,0.5797,,0.21630094043887146,0.04216867469879518,35.0,22.0,24.0,22.0,23.0,0.69,0.109717868338558
92,Coalinga-Huron Unified,304,70,0.5857,0.3,312,31,0.7419,0.5806,0.3,0.4839,0.23026315789473684,0.09935897435897435,5.0,,,,,,0.01644736842105263
93,Southern Kern Unified,244,44,0.6136,0.25,214,4,,,0.2045,,0.18032786885245902,0.018691588785046728,0.0,,,,,,0.0
94,Claremont Unified,589,266,0.8797,0.6729,606,76,0.9868000000000001,0.9211,0.6654000000000001,0.9211,0.45161290322580644,0.1254125412541254,134.0,25.0,26.0,25.0,25.0,0.84,0.22750424448217318
95,Downey Unified,2055,650,0.7015,0.4631,1959,1733,0.5216,0.3029,0.4354,0.2787,0.31630170316301703,0.8846350178662583,108.0,22.0,23.0,23.0,22.0,0.68,0.052554744525547446
96,La Canada Unified,340,157,0.9682,0.9107999999999999,325,108,1.0,1.0,0.9045000000000001,1.0,0.46176470588235297,0.3323076923076923,113.0,29.0,29.0,28.0,28.0,0.94,0.3323529411764706
97,South Pasadena Unified,324,178,0.9494,0.8371,368,68,0.9706,0.9853000000000001,0.8146,0.9706,0.5493827160493827,0.18478260869565216,68.0,27.0,27.0,27.0,26.0,0.85,0.20987654320987653
98,Temple City Unified,510,207,0.9275,0.8986,459,133,0.9699,0.9623999999999999,0.8647,0.9398000000000001,0.40588235294117647,0.289760348583878,69.0,28.0,27.0,28.0,27.0,0.88,0.13529411764705881
99,Torrance Unified,2007,707,0.8684999999999999,0.7440000000000001,1930,240,0.9708,0.9417,0.7058,0.9333,0.35226706527154955,0.12435233160621761,362.0,26.0,26.0,25.0,25.0,0.82,0.18036870951669157
100,Walnut Valley Unified,1354,687,0.9272,0.8661,1216,429,0.9743999999999999,0.9790000000000001,0.8326,0.965,0.5073855243722304,0.3527960526315789,252.0,29.0,28.0,29.0,28.0,0.94,0.1861152141802068
101,Acton-Agua Dulce Unified,1020,107,0.6168,0.2991,1902,9,,,0.2897,,0.10490196078431373,0.00473186119873817,8.0,,,,,,0.00784313725490196
102,SBE - Academia Avance Charter,58,45,0.2667,0.0667,63,2,,,0.0667,,0.7758620689655172,0.031746031746031744,0.0,,,,,,0.0
103,SBE - Prepa Tec Los Angeles High,76,11,,,102,3,,,,,0.14473684210526316,0.029411764705882353,0.0,,,,,,0.0
104,Yosemite Unified,203,35,0.8856999999999999,0.6286,224,14,,,0.6,,0.1724137931034483,0.0625,28.0,25.0,27.0,23.0,24.0,0.86,0.13793103448275862
105,Eastern Sierra Unified,21,9,,,31,5,,,,,0.42857142857142855,0.16129032258064516,2.0,,,,,,0.09523809523809523
106,Menifee Union Elementary,111,29,0.8966,0.6207,135,8,,,0.6207,,0.26126126126126126,0.05925925925925926,13.0,,,,,,0.11711711711711711
107,Coachella Valley Unified,1318,410,0.46590000000000004,0.23170000000000002,1380,10,,,0.20489999999999997,,0.3110773899848255,0.007246376811594203,288.0,16.0,18.0,18.0,17.0,0.17,0.21851289833080426
108,Baker Valley Unified,14,1,,,6,0,,,,,0.07142857142857142,0.0,,,,,,,
109,SBE - Grossmont Secondary,70,3,,,31,0,,,,,0.04285714285714286,0.0,0.0,,,,,,0.0
110,San Joaquin County Office of Education,1399,66,0.5758,0.303,649,3,,,0.2879,,0.04717655468191565,0.004622496147919877,0.0,,,,,,0.0
111,Pajaro Valley Unified,1331,337,0.6557999999999999,0.4421,1433,25,0.92,0.84,0.4036,0.84,0.2531930879038317,0.017445917655268667,241.0,19.0,21.0,20.0,20.0,0.41,0.18106686701728025
112,Scotts Valley Unified,230,84,0.9167000000000001,0.7262000000000001,257,19,1.0,0.8946999999999999,0.7143,0.8946999999999999,0.3652173913043478,0.07392996108949416,53.0,25.0,26.0,24.0,25.0,0.85,0.23043478260869565
113,Whitmore Union Elementary,83,4,,,63,0,,,,,0.04819277108433735,0.0,0.0,,,,,,0.0
114,Oak Grove Union Elementary,93,2,,,82,0,,,,,0.021505376344086023,0.0,0.0,,,,,,0.0
115,Hart-Ransom Union Elementary,22,5,,,20,0,,,,,0.22727272727272727,0.0,1.0,,,,,,0.045454545454545456
116,Keyes Union,21,1,,,21,2,,,,,0.047619047619047616,0.09523809523809523,0.0,,,,,,0.0
117,Riverbank Unified,200,57,0.614,0.24559999999999998,225,1,,,0.21050000000000002,,0.285,0.0044444444444444444,1.0,,,,,,0.005
118,Davis Joint Unified,737,292,0.9178000000000001,0.8595999999999999,751,286,0.9825,0.951,0.8288,0.9440999999999999,0.39620081411126185,0.3808255659121172,180.0,28.0,28.0,28.0,27.0,0.95,0.24423337856173677
119,Fremont Unified,2608,801,0.9126000000000001,0.8227,2592,1084,0.9889,0.9815,0.799,0.9751000000000001,0.3071319018404908,0.4182098765432099,471.0,31.0,30.0,30.0,29.0,0.93,0.18059815950920247
120,Piedmont City Unified,210,72,0.9582999999999999,0.9028,238,22,1.0,0.9545,0.9028,0.9545,0.34285714285714286,0.09243697478991597,99.0,30.0,30.0,28.0,29.0,0.95,0.4714285714285714
121,San Leandro Unified,727,163,0.7239,0.3865,681,448,0.5647,0.3594,0.36810000000000004,0.33039999999999997,0.22420907840440166,0.657856093979442,64.0,20.0,22.0,20.0,21.0,0.48,0.08803301237964237
122,Fresno Unified,4948,1101,0.6175999999999999,0.3161,4916,65,0.9231,0.8308,0.3006,0.8,0.2225141471301536,0.01322213181448332,458.0,20.0,21.0,20.0,20.0,0.47,0.0925626515763945
123,Mendota Unified,185,54,0.5,0.2593,200,0,,,0.22219999999999998,,0.2918918918918919,0.0,82.0,15.0,17.0,17.0,18.0,0.11,0.44324324324324327
124,Calipatria Unified,84,16,0.6875,0.375,74,0,,,0.375,,0.19047619047619047,0.0,13.0,,,,,,0.15476190476190477
125,Wasco Union High,405,303,0.3333,0.2079,431,75,0.76,0.56,0.1782,0.52,0.7481481481481481,0.1740139211136891,85.0,19.0,20.0,20.0,20.0,0.33,0.20987654320987653
126,Gorman Joint,106,10,,,129,2,,,,,0.09433962264150944,0.015503875968992248,3.0,,,,,,0.02830188679245283
127,Lynwood Unified,1033,753,0.3161,0.10619999999999999,990,812,0.33130000000000004,0.1219,0.0956,0.10710000000000001,0.7289448209099709,0.8202020202020202,117.0,17.0,19.0,17.0,18.0,0.21,0.1132623426911907
128,Whittier Union High,2932,1113,0.7026,0.4996,2800,260,0.65,0.45380000000000004,0.45640000000000003,0.4077,0.3796043656207367,0.09285714285714286,386.0,19.0,21.0,21.0,20.0,0.44,0.13165075034106413
129,Rowland Unified,1152,353,0.7648999999999999,0.5949,1101,95,0.9684,0.9262999999999999,0.5496,0.9158,0.3064236111111111,0.08628519527702089,115.0,21.0,22.0,23.0,22.0,0.55,0.0998263888888889
130,Tamalpais Union High,1232,385,0.9481,0.8338,1256,82,0.9634,0.9756,0.8234,0.9634,0.3125,0.06528662420382166,419.0,28.0,28.0,26.0,27.0,0.91,0.3400974025974026
131,Mendocino Unified,43,14,,,44,5,,,,,0.32558139534883723,0.11363636363636363,6.0,,,,,,0.13953488372093023
132,Leggett Valley Unified,8,7,,,6,0,,,,,0.875,0.0,,,,,,,
133,San Bernardino County Office of Education,615,74,0.7837999999999999,0.3514,644,9,,,0.3243,,0.12032520325203253,0.013975155279503106,7.0,,,,,,0.011382113821138212
134,Chaffey Joint Union High,5973,2375,0.6897,0.45770000000000005,5960,223,0.9103,0.8341,0.4265,0.8161,0.39762263519169594,0.037416107382550336,655.0,21.0,22.0,22.0,21.0,0.53,0.10966013728444668
135,Apple Valley Unified,1014,245,0.7429000000000001,0.3347,1068,227,0.7841,0.4537,0.3306,0.41850000000000004,0.2416173570019724,0.21254681647940074,65.0,23.0,24.0,21.0,23.0,0.62,0.0641025641025641
136,Coronado Unified,289,138,0.9493,0.8623000000000001,280,33,0.9697,0.9697,0.8406,0.9394,0.47750865051903113,0.11785714285714285,115.0,25.0,26.0,25.0,25.0,0.78,0.39792387543252594
137,Grossmont Union High,5396,1389,0.7963,0.6494,5160,113,0.9469,0.8673000000000001,0.6076,0.8495999999999999,0.25741289844329135,0.021899224806201552,756.0,22.0,23.0,23.0,22.0,0.63,0.14010378057820608
138,SBE - Sweetwater Secondary,60,4,,,31,0,,,,,0.06666666666666667,0.0,0.0,,,,,,0.0
139,Tracy Joint Unified,1643,473,0.797,0.6089,1511,41,0.878,0.7805,0.5729,0.7805,0.2878880097382836,0.027134348113831898,191.0,22.0,23.0,22.0,22.0,0.57,0.1162507608034084
140,Blochman Union Elementary,78,2,,,91,1,,,,,0.02564102564102564,0.01098901098901099,3.0,,,,,,0.038461538461538464
141,Santa Clara County Office of Education,894,143,0.8181999999999999,0.6224000000000001,557,52,0.9808,0.9808,0.6084,0.9615,0.1599552572706935,0.0933572710951526,0.0,,,,,,0.0
142,Milpitas Unified,842,301,0.8904000000000001,0.8206,836,176,0.9716,0.9659,0.7874,0.9489,0.35748218527315917,0.21052631578947367,64.0,28.0,29.0,30.0,28.0,0.94,0.07600950118764846
143,Santa Cruz City High,837,244,0.8279000000000001,0.7008,881,57,0.9649,0.9649,0.6598,0.9473999999999999,0.2915173237753883,0.06469920544835414,141.0,23.0,24.0,23.0,23.0,0.69,0.16845878136200718
144,Waterford Unified,313,52,0.7308,0.44229999999999997,279,5,,,0.44229999999999997,,0.16613418530351437,0.017921146953405017,4.0,,,,,,0.012779552715654952
145,Red Bluff Joint Union High,425,44,0.8409,0.6591,426,2,,,0.6136,,0.10352941176470588,0.004694835680751174,215.0,18.0,20.0,19.0,19.0,0.35,0.5058823529411764
146,Alta Vista Elementary,0,0,,,18,0,,,,,,0.0,,,,,,,
147,Big Oak Flat-Groveland Unified,25,7,,,20,1,,,,,0.28,0.05,0.0,,,,,,0.0
148,Newark Unified,462,154,0.7662,0.5065,466,20,0.75,0.65,0.5065,0.55,0.3333333333333333,0.04291845493562232,29.0,24.0,24.0,23.0,23.0,0.69,0.06277056277056277
149,Pleasanton Unified,1279,432,0.9420999999999999,0.8611,1275,451,0.9911,0.9823000000000001,0.8449,0.9734,0.3377638780297107,0.3537254901960784,411.0,29.0,29.0,28.0,28.0,0.92,0.32134480062548865
150,Laton Joint Unified,45,5,,,43,5,,,,,0.1111111111111111,0.11627906976744186,8.0,,,,,,0.17777777777777778
151,Orange Center,68,0,,,78,0,,,,,0.0,0.0,0.0,,,,,,0.0
152,Westside Elementary,123,9,,,361,1,,,,,0.07317073170731707,0.002770083102493075,1.0,,,,,,0.008130081300813009
153,Maricopa Unified,677,17,0.8234999999999999,0.29410000000000003,578,5,,,0.29410000000000003,,0.025110782865583457,0.00865051903114187,0.0,,,,,,0.0
154,Armona Union Elementary,78,2,,,81,0,,,,,0.02564102564102564,0.0,0.0,,,,,,0.0
155,Middletown Unified,164,35,0.8571,0.4286,157,11,,,0.4286,,0.21341463414634146,0.07006369426751592,7.0,,,,,,0.042682926829268296
156,Azusa Unified,698,155,0.7354999999999999,0.4645,522,1,,,0.43229999999999996,,0.22206303724928367,0.0019157088122605363,31.0,19.0,21.0,21.0,20.0,0.45,0.044412607449856735
157,Charter Oak Unified,390,150,0.7333,0.52,403,12,,,0.49329999999999996,,0.38461538461538464,0.02977667493796526,18.0,21.0,22.0,21.0,23.0,0.67,0.046153846153846156
158,Glendale Unified,2067,632,0.8829,0.7563,1948,196,0.9847,0.9592,0.731,0.9592,0.3057571359458152,0.10061601642710473,159.0,28.0,28.0,27.0,27.0,0.89,0.07692307692307693
159,Redondo Beach Unified,791,201,0.9104000000000001,0.7662,785,69,0.971,0.9565,0.7463,0.9420000000000001,0.25410872313527183,0.08789808917197452,241.0,26.0,26.0,24.0,24.0,0.78,0.30467762326169406
160,Shoreline Unified,34,18,0.6667000000000001,0.6111,37,0,,,0.5,,0.5294117647058824,0.0,3.0,,,,,,0.08823529411764706
161,Point Arena Joint Union High,40,7,,,25,8,,,,,0.175,0.32,6.0,,,,,,0.15
162,Round Valley Unified,37,9,,,23,0,,,,,0.24324324324324326,0.0,0.0,,,,,,0.0
163,Saint Helena Unified,117,39,0.8462000000000001,0.4359,122,1,,,0.4359,,0.3333333333333333,0.00819672131147541,4.0,,,,,,0.03418803418803419
164,Placentia-Yorba Linda Unified,2172,707,0.8698999999999999,0.7779,2073,266,0.9812000000000001,0.9699,0.7495999999999999,0.9549,0.3255064456721915,0.12831644958996624,320.0,26.0,26.0,26.0,25.0,0.82,0.14732965009208104
165,Saddleback Valley Unified,2344,626,0.8946,0.7476,2278,364,0.956,0.9011,0.73,0.8845999999999999,0.26706484641638223,0.15978928884986832,391.0,25.0,26.0,25.0,25.0,0.81,0.16680887372013653
166,Nuview Union,140,106,0.7170000000000001,0.4623,145,140,0.7356999999999999,0.4643,0.4057,0.4643,0.7571428571428571,0.9655172413793104,83.0,20.0,20.0,20.0,20.0,0.36,0.5928571428571429
167,Palo Verde Unified,269,64,0.5,0.2656,276,7,,,0.2188,,0.2379182156133829,0.025362318840579712,29.0,18.0,18.0,18.0,18.0,0.38,0.10780669144981413
168,Silver Valley Unified,105,28,0.6786,0.4643,111,1,,,0.39289999999999997,,0.26666666666666666,0.009009009009009009,3.0,,,,,,0.02857142857142857
169,Lakeside Union Elementary,51,22,0.9545,0.8181999999999999,58,1,,,0.8181999999999999,,0.43137254901960786,0.017241379310344827,12.0,,,,,,0.23529411764705882
170,Valley Center-Pauma Unified,296,59,0.6949,0.4746,307,6,,,0.4576,,0.19932432432432431,0.019543973941368076,31.0,22.0,23.0,21.0,21.0,0.55,0.10472972972972973
171,Bonsall Unified,76,30,0.7333,0.3667,94,1,,,0.3667,,0.39473684210526316,0.010638297872340425,11.0,,,,,,0.14473684210526316
172,Lincoln Unified,786,194,0.7887000000000001,0.6289,743,22,0.9545,0.9545,0.6031,0.9545,0.24681933842239187,0.029609690444145357,61.0,23.0,24.0,23.0,24.0,0.72,0.07760814249363868
173,Lammersville Joint Unified,340,119,0.8571,0.7143,351,62,0.9839,0.9839,0.7059000000000001,0.9839,0.35,0.17663817663817663,66.0,26.0,26.0,25.0,25.0,0.92,0.19411764705882353
174,Jefferson Union High,1229,917,0.5845,0.4089,1203,83,0.8795000000000001,0.8072,0.37189999999999995,0.7711,0.7461350691619203,0.06899418121363259,88.0,25.0,26.0,25.0,24.0,0.83,0.07160292921074043
175,Sequoia Union High,2518,892,0.8184,0.6939,2579,277,0.9856,0.9711,0.6659,0.9675,0.35424940428911833,0.10740597130670802,432.0,25.0,26.0,25.0,25.0,0.76,0.1715647339158062
176,Cuyama Joint Unified,15,11,,,22,1,,,,,0.7333333333333333,0.045454545454545456,0.0,,,,,,0.0
177,Palo Alto Unified,1024,337,0.9555,0.9168999999999999,1048,378,1.0,0.9947,0.905,0.9947,0.3291015625,0.3606870229007634,413.0,29.0,29.0,28.0,28.0,0.83,0.4033203125
178,Healdsburg Unified,128,29,0.6207,0.37929999999999997,138,5,,,0.37929999999999997,,0.2265625,0.036231884057971016,22.0,23.0,26.0,22.0,22.0,0.73,0.171875
179,Hughson Unified,184,53,0.6604000000000001,0.35850000000000004,193,2,,,0.3208,,0.28804347826086957,0.010362694300518135,7.0,,,,,,0.03804347826086957
180,Winship-Robbins,97,10,,,53,1,,,,,0.10309278350515463,0.018867924528301886,6.0,,,,,,0.061855670103092786
181,Yuba City Unified,988,150,0.7867000000000001,0.6467,991,76,0.7895,0.7631999999999999,0.62,0.6711,0.15182186234817813,0.07669021190716448,87.0,22.0,23.0,23.0,22.0,0.63,0.08805668016194332
182,Burton Elementary,79,37,0.8108,0.16219999999999998,88,3,,,0.16219999999999998,,0.46835443037974683,0.03409090909090909,4.0,,,,,,0.05063291139240506
183,Woodland Joint Unified,749,162,0.716,0.41979999999999995,713,20,0.9,0.6,0.3951,0.6,0.2162883845126836,0.028050490883590462,78.0,20.0,21.0,20.0,20.0,0.45,0.1041388518024032
184,Acalanes Union High,1385,461,0.9675,0.8633,1438,261,0.9884999999999999,0.9579000000000001,0.8568000000000001,0.9501999999999999,0.3328519855595668,0.18150208623087621,504.0,28.0,29.0,27.0,27.0,0.91,0.36389891696750903
185,Pittsburg Unified,938,265,0.5925,0.35090000000000005,937,149,0.6644,0.44299999999999995,0.3396,0.41609999999999997,0.28251599147121537,0.15901814300960512,137.0,19.0,20.0,19.0,20.0,0.38,0.1460554371002132
186,Kerman Unified,367,96,0.7188,0.2813,398,31,0.5484,0.1935,0.2708,0.1935,0.2615803814713896,0.07788944723618091,42.0,17.0,18.0,18.0,19.0,0.31,0.11444141689373297
187,Klamath-Trinity Joint Unified,76,18,0.2778,0.11109999999999999,59,0,,,0.11109999999999999,,0.23684210526315788,0.0,0.0,,,,,,0.0
188,Bishop Unified,154,37,0.7568,0.6215999999999999,157,24,0.75,0.7082999999999999,0.5676,0.5832999999999999,0.24025974025974026,0.15286624203821655,17.0,23.0,26.0,23.0,24.0,0.88,0.11038961038961038
189,Bonita Unified,868,271,0.8412999999999999,0.6273,872,565,0.8053,0.6726000000000001,0.5978,0.6301,0.3122119815668203,0.6479357798165137,93.0,24.0,25.0,24.0,24.0,0.73,0.10714285714285714
190,El Rancho Unified,689,330,0.6091,0.3697,681,10,,,0.3212,,0.47895500725689405,0.014684287812041116,108.0,18.0,20.0,19.0,19.0,0.36,0.1567489114658926
191,Palos Verdes Peninsula Unified,972,385,0.9455,0.8623000000000001,1046,196,0.9898,0.9847,0.8416,0.9745,0.39609053497942387,0.18738049713193117,346.0,28.0,28.0,27.0,27.0,0.9,0.3559670781893004
192,Los Banos Unified,794,230,0.6043,0.3522,838,16,0.875,0.875,0.33039999999999997,0.8125,0.28967254408060455,0.01909307875894988,52.0,18.0,20.0,20.0,19.0,0.42,0.0654911838790932
193,Gonzales Unified,196,44,0.4318,0.0682,230,0,,,0.0682,,0.22448979591836735,0.0,51.0,16.0,17.0,16.0,17.0,0.14,0.2602040816326531
194,Western Placer Unified,856,155,0.7613,0.5418999999999999,818,136,0.7940999999999999,0.5367999999999999,0.5032,0.5074000000000001,0.1810747663551402,0.16625916870415647,61.0,22.0,24.0,21.0,23.0,0.64,0.07126168224299065
195,Jurupa Unified,1480,389,0.6426999999999999,0.31620000000000004,1506,3,,,0.2853,,0.2628378378378378,0.00199203187250996,194.0,18.0,20.0,19.0,19.0,0.31,0.13108108108108107
196,Perris Union High,2218,693,0.6392,0.33909999999999996,2313,24,1.0,0.7917000000000001,0.3146,0.7917000000000001,0.31244364292155097,0.010376134889753566,296.0,17.0,18.0,18.0,18.0,0.24,0.13345356176735798
197,Dehesa Elementary,394,49,0.8776,0.4286,618,14,,,0.4286,,0.12436548223350254,0.022653721682847898,32.0,24.0,25.0,21.0,22.0,0.69,0.08121827411167512
198,Spencer Valley Elementary,308,14,,,339,0,,,,,0.045454545454545456,0.0,5.0,,,,,,0.016233766233766232
199,Vista Unified,2324,531,0.7476,0.5706,2325,38,0.9211,0.8684000000000001,0.5347999999999999,0.8421,0.2284853700516351,0.016344086021505378,138.0,23.0,24.0,23.0,23.0,0.7,0.05938037865748709
200,SBC - High Tech High,211,148,0.777,0.5,221,132,0.7803,0.4924,0.4865,0.4621,0.7014218009478673,0.5972850678733032,42.0,23.0,25.0,22.0,22.0,0.69,0.1990521327014218
201,SBE - Audeo Charter II,39,2,,,45,0,,,,,0.05128205128205128,0.0,0.0,,,,,,0.0
202,Linden Unified,166,34,0.6470999999999999,0.3235,177,67,0.6866,0.3582,0.3235,0.3582,0.20481927710843373,0.3785310734463277,27.0,20.0,22.0,20.0,21.0,0.44,0.16265060240963855
203,Lodi Unified,2543,627,0.7798999999999999,0.6315999999999999,2348,91,0.9120999999999999,0.8351999999999999,0.5885,0.7912,0.24655918206842312,0.038756388415672915,419.0,21.0,22.0,22.0,21.0,0.55,0.16476602438065277
204,Ripon Unified,470,77,0.8181999999999999,0.6494,438,11,,,0.6364,,0.16382978723404254,0.02511415525114155,27.0,22.0,24.0,22.0,22.0,0.67,0.0574468085106383
205,Carpinteria Unified,168,46,0.7826000000000001,0.6739,144,5,,,0.6522,,0.27380952380952384,0.034722222222222224,11.0,,,,,,0.06547619047619048
206,SBE - Olive Grove Charter - Lompoc,41,0,,,43,0,,,,,0.0,0.0,0.0,,,,,,0.0
207,Campbell Union High,1992,614,0.8567,0.7345,2085,228,1.0,0.9649,0.7068000000000001,0.9649,0.30823293172690763,0.1093525179856115,352.0,27.0,27.0,26.0,26.0,0.82,0.17670682730923695
208,San Jose Unified,2661,652,0.7914,0.6304,2486,1962,0.6487999999999999,0.49439999999999995,0.6058,0.475,0.2450206689214581,0.7892196299275945,365.0,27.0,27.0,26.0,26.0,0.78,0.1371664787673807
209,Ceres Unified,1100,284,0.6197,0.36619999999999997,1109,10,,,0.33799999999999997,,0.2581818181818182,0.009017132551848512,25.0,20.0,21.0,21.0,20.0,0.48,0.022727272727272728
210,Stone Corral Elementary,44,1,,,110,0,,,,,0.022727272727272728,0.0,1.0,,,,,,0.022727272727272728
211,Exeter Unified,233,59,0.7119,0.3898,276,5,,,0.322,,0.2532188841201717,0.018115942028985508,10.0,,,,,,0.04291845493562232
212,Summerville Union High,192,33,0.9091,0.6061,181,5,,,0.6061,,0.171875,0.027624309392265192,13.0,,,,,,0.06770833333333333
213,Esparto Unified,93,32,0.5,0.3125,78,0,,,0.2188,,0.34408602150537637,0.0,3.0,,,,,,0.03225806451612903
214,New Haven Unified,1057,332,0.8133,0.5964,945,87,0.9540000000000001,0.9079999999999999,0.5633,0.8966,0.3140964995269631,0.09206349206349207,114.0,24.0,25.0,25.0,24.0,0.76,0.10785241248817408
215,Oakland Unified,3663,1118,0.5376,0.3775,3420,77,0.8961,0.8051999999999999,0.3479,0.8051999999999999,0.3052143052143052,0.022514619883040935,762.0,17.0,18.0,18.0,18.0,0.27,0.20802620802620803
216,Oroville Union High,517,51,0.7646999999999999,0.5294,552,6,,,0.5097999999999999,,0.09864603481624758,0.010869565217391304,14.0,,,,,,0.027079303675048357
217,El Dorado County Office of Education,195,10,,,136,5,,,,,0.05128205128205128,0.03676470588235294,0.0,,,,,,0.0
218,Riverdale Joint Unified,138,41,0.6585,0.34149999999999997,124,31,0.6452,0.5161,0.3171,0.45159999999999995,0.2971014492753623,0.25,27.0,18.0,20.0,19.0,20.0,0.3,0.1956521739130435
219,Ferndale Unified,36,7,,,49,2,,,,,0.19444444444444445,0.04081632653061224,2.0,,,,,,0.05555555555555555
220,Imperial County Office of Education,340,0,,,70,0,,,,,0.0,0.0,0.0,,,,,,0.0
221,Tehachapi Unified,304,62,0.8870999999999999,0.6613,286,2,,,0.629,,0.20394736842105263,0.006993006993006993,15.0,24.0,27.0,24.0,25.0,0.73,0.049342105263157895
222,Baldwin Park Unified,1738,815,0.45890000000000003,0.2613,1832,12,,,0.23800000000000002,,0.4689298043728424,0.006550218340611353,151.0,19.0,21.0,20.0,20.0,0.45,0.08688147295742232
223,El Monte Union High,2171,646,0.6997,0.5201,2104,50,0.98,0.94,0.46590000000000004,0.94,0.2975587286964532,0.02376425855513308,332.0,20.0,20.0,21.0,20.0,0.43,0.15292491939198527
224,Inglewood Unified,666,412,0.3714,0.12380000000000001,615,2,,,0.1165,,0.6186186186186187,0.0032520325203252032,210.0,16.0,17.0,16.0,17.0,0.15,0.3153153153153153
225,Paramount Unified,1300,936,0.3419,0.16879999999999998,1160,13,,,0.1421,,0.72,0.011206896551724138,39.0,21.0,21.0,21.0,20.0,0.46,0.03
226,Pasadena Unified,1400,433,0.6720999999999999,0.4249,1280,44,0.8636,0.7273000000000001,0.4042,0.7045,0.3092857142857143,0.034375,108.0,22.0,24.0,21.0,22.0,0.62,0.07714285714285714
227,William S. Hart Union High,4117,1280,0.8805,0.6906,4043,672,0.9702,0.8765000000000001,0.6758,0.8704999999999999,0.3109059995142094,0.1662132080138511,591.0,25.0,26.0,25.0,24.0,0.8,0.14355112946320137
228,SBE - The School of Arts and Enterprise,84,75,0.4533,0.0667,108,1,,,0.0667,,0.8928571428571429,0.009259259259259259,1.0,,,,,,0.011904761904761904
229,Madera Unified,1377,219,0.5571,0.18719999999999998,1383,1102,0.3249,0.1679,0.17809999999999998,0.1379,0.15904139433551198,0.7968185104844541,259.0,17.0,19.0,17.0,18.0,0.22,0.18809005083514888
230,Novato Unified,708,264,0.8144,0.6439,685,29,1.0,0.9655,0.6023,0.9655,0.3728813559322034,0.042335766423357665,188.0,24.0,25.0,24.0,24.0,0.7,0.2655367231638418
231,Hilmar Unified,187,60,0.6333,0.3,192,2,,,0.3,,0.32085561497326204,0.010416666666666666,27.0,17.0,18.0,19.0,19.0,0.3,0.1443850267379679
232,Surprise Valley Joint Unified,3,2,,,5,0,,,,,0.6666666666666666,0.0,,,,,,,
233,Tulelake Basin Joint Unified,27,5,,,27,1,,,,,0.18518518518518517,0.037037037037037035,14.0,,,,,,0.5185185185185185
234,Pacific Grove Unified,146,69,0.9565,0.7970999999999999,150,6,,,0.7681,,0.4726027397260274,0.04,31.0,27.0,27.0,26.0,25.0,0.87,0.21232876712328766
235,Fullerton Joint Union High,3462,1150,0.8339,0.6896,3365,445,0.9887999999999999,0.9618000000000001,0.6652,0.9551000000000001,0.3321779318313114,0.13224368499257058,381.0,27.0,27.0,27.0,26.0,0.82,0.11005199306759099
236,Garden Grove Unified,3479,1387,0.7476999999999999,0.6128,3547,306,0.9608,0.9346,0.5631,0.915,0.39867778097154355,0.08627008739780095,409.0,20.0,21.0,21.0,21.0,0.5,0.11756251796493246
237,Roseville Joint Union High,2637,837,0.8602,0.6977,2653,279,0.9749,0.871,0.6690999999999999,0.8674,0.3174061433447099,0.10516396532227666,506.0,24.0,26.0,24.0,24.0,0.77,0.1918847174819871
238,Riverside County Office of Education,821,85,0.2706,0.1412,902,97,0.0825,0.0206,0.1412,0.0206,0.10353227771010962,0.10753880266075388,1.0,,,,,,0.001218026796589525
239,Riverside Unified,3319,1222,0.7070000000000001,0.5,3197,137,0.9197,0.8759,0.4705,0.8540000000000001,0.3681831877071407,0.04285267438223334,539.0,20.0,21.0,21.0,20.0,0.46,0.16239831274480265
240,Val Verde Unified,1739,1384,0.3736,0.1655,1672,1380,0.4043,0.1913,0.1503,0.16449999999999998,0.7958596894767107,0.8253588516746412,34.0,18.0,18.0,18.0,19.0,0.26,0.019551466359977
241,SBE - Baypoint Preparatory Academy,1,1,,,8,0,,,,,1.0,0.0,,,,,,,
242,Redlands Unified,1734,1084,0.6531,0.488,1761,1350,0.7156,0.5074000000000001,0.45299999999999996,0.47700000000000004,0.6251441753171857,0.7666098807495741,166.0,23.0,23.0,23.0,23.0,0.64,0.09573241061130335
243,Hesperia Unified,1923,436,0.6215999999999999,0.3716,1963,243,0.4979,0.251,0.3394,0.214,0.2267290691627665,0.1237901171676006,182.0,19.0,20.0,20.0,20.0,0.4,0.09464378575143005
244,Chula Vista Elementary,252,85,0.6470999999999999,0.2588,266,1,,,0.24710000000000001,,0.3373015873015873,0.0037593984962406013,4.0,,,,,,0.015873015873015872
245,Fallbrook Union High,554,121,0.8264,0.42979999999999996,513,5,,,0.4215,,0.2184115523465704,0.009746588693957114,44.0,24.0,25.0,24.0,23.0,0.75,0.07942238267148015
246,Ramona City Unified,474,106,0.8019,0.6415000000000001,424,13,,,0.6038,,0.22362869198312235,0.030660377358490566,75.0,23.0,24.0,22.0,23.0,0.73,0.15822784810126583
247,Oceanside Unified,1560,351,0.7606999999999999,0.584,1477,18,0.8889,0.7778,0.5556,0.7778,0.225,0.012186865267433988,155.0,20.0,23.0,21.0,21.0,0.55,0.09935897435897435
248,Shandon Joint Unified,21,2,,,21,0,,,,,0.09523809523809523,0.0,2.0,,,,,,0.09523809523809523
249,Santa Ynez Valley Union High,218,59,0.8136,0.6271,236,83,0.8795000000000001,0.7951999999999999,0.6271,0.747,0.2706422018348624,0.3516949152542373,29.0,24.0,25.0,23.0,24.0,0.76,0.13302752293577982
250,Shasta County Office of Education,86,1,,,77,0,,,,,0.011627906976744186,0.0,0.0,,,,,,0.0
251,Scott Valley Unified,55,7,,,47,13,,,,,0.12727272727272726,0.2765957446808511,17.0,20.0,23.0,21.0,21.0,0.59,0.3090909090909091
252,Patterson Joint Unified,504,212,0.6368,0.2783,479,159,0.6225999999999999,0.3145,0.2547,0.28300000000000003,0.42063492063492064,0.33194154488517746,7.0,,,,,,0.013888888888888888
253,Nuestro Elementary,19,0,,,38,0,,,,,0.0,0.0,1.0,,,,,,0.05263157894736842
254,Visalia Unified,2155,425,0.7718,0.4682,2220,36,0.8332999999999999,0.8332999999999999,0.4424,0.7778,0.19721577726218098,0.016216216216216217,147.0,23.0,24.0,23.0,23.0,0.69,0.06821345707656612
255,Dinuba Unified,544,106,0.6321,0.3868,581,7,,,0.3208,,0.1948529411764706,0.012048192771084338,40.0,18.0,20.0,20.0,19.0,0.4,0.07352941176470588
256,Durham Unified,72,34,0.8234999999999999,0.7353000000000001,82,0,,,0.6765000000000001,,0.4722222222222222,0.0,6.0,,,,,,0.08333333333333333
257,Paradise Unified,212,27,0.7778,0.7037,185,5,,,0.6667000000000001,,0.12735849056603774,0.02702702702702703,7.0,,,,,,0.0330188679245283
258,Martinez Unified,315,72,0.8889,0.75,329,12,,,0.7222,,0.22857142857142856,0.0364741641337386,28.0,24.0,25.0,24.0,24.0,0.86,0.08888888888888889
259,Mt. Diablo Unified,2260,537,0.8045,0.6127,2072,94,0.9681000000000001,0.9468000000000001,0.5922,0.9362,0.23761061946902653,0.045366795366795366,290.0,24.0,25.0,24.0,24.0,0.71,0.12831858407079647
260,Lake Tahoe Unified,276,78,0.7692,0.5640999999999999,288,24,0.7917000000000001,0.5832999999999999,0.5,0.5,0.2826086956521739,0.08333333333333333,51.0,22.0,24.0,22.0,23.0,0.67,0.18478260869565216
261,Kings Canyon Joint Unified,762,185,0.627,0.2973,773,75,0.68,0.44,0.2757,0.38670000000000004,0.24278215223097113,0.09702457956015524,205.0,17.0,19.0,18.0,19.0,0.25,0.2690288713910761
262,Central Unified,1118,241,0.6846,0.2988,1114,362,0.5912,0.3204,0.278,0.2901,0.21556350626118068,0.3249551166965889,24.0,17.0,20.0,19.0,20.0,0.42,0.02146690518783542
263,Kern High,10529,2851,0.604,0.3978,9933,239,0.728,0.6695,0.3592,0.6234000000000001,0.2707759521322063,0.024061210107721737,631.0,20.0,22.0,21.0,21.0,0.51,0.05992971792192991
264,Lemoore Union High,504,113,0.7168000000000001,0.4336,563,19,0.8946999999999999,0.7895,0.41590000000000005,0.7368000000000001,0.22420634920634921,0.03374777975133215,39.0,20.0,21.0,21.0,21.0,0.41,0.07738095238095238
265,Irvine Unified,2687,951,0.9201,0.9222,2659,693,0.9884999999999999,0.987,0.8801000000000001,0.9769,0.3539263118719762,0.2606242948476871,729.0,29.0,29.0,29.0,28.0,0.94,0.2713062895422404
266,Placer Union High,974,269,0.8848,0.7509,1026,114,0.9649,0.8859999999999999,0.7062999999999999,0.8772,0.27618069815195073,0.1111111111111111,147.0,24.0,25.0,24.0,24.0,0.78,0.15092402464065707
267,Galt Joint Union High,518,190,0.6842,0.4579,527,66,0.7879,0.6515000000000001,0.4158,0.6061,0.3667953667953668,0.1252371916508539,44.0,21.0,22.0,20.0,20.0,0.5,0.08494208494208494
268,Bear Valley Unified,188,43,0.8140000000000001,0.6744,195,19,0.8946999999999999,0.8946999999999999,0.6512,0.8421,0.22872340425531915,0.09743589743589744,4.0,,,,,,0.02127659574468085
269,Colton Joint Unified,1576,440,0.5932,0.3136,1649,195,0.5897,0.37439999999999996,0.28859999999999997,0.3436,0.27918781725888325,0.11825348696179502,73.0,17.0,20.0,19.0,18.0,0.23,0.04631979695431472
270,San Diego County Office of Education,348,18,0.6111,0.22219999999999998,343,4,,,0.22219999999999998,,0.05172413793103448,0.011661807580174927,0.0,,,,,,0.0
271,Escondido Union High,2436,758,0.6992,0.4459,2342,60,1.0,0.9333,0.4169,0.9333,0.3111658456486043,0.025619128949615714,449.0,20.0,22.0,20.0,21.0,0.46,0.18431855500821018
272,Jamul-Dulzura Union Elementary,12,3,,,8,1,,,,,0.25,0.125,1.0,,,,,,0.08333333333333333
273,Julian Union High,22,6,,,20,11,,,,,0.2727272727272727,0.55,2.0,,,,,,0.09090909090909091
274,Poway Unified,2988,1071,0.9244,0.8693000000000001,2855,824,0.9793999999999999,0.9818000000000001,0.8356999999999999,0.9648,0.35843373493975905,0.2886164623467601,849.0,27.0,28.0,27.0,26.0,0.88,0.28413654618473894
275,Stockton Unified,2760,2042,0.31980000000000003,0.1812,2636,1728,0.2836,0.1655,0.1567,0.1267,0.7398550724637681,0.6555386949924128,199.0,19.0,20.0,20.0,19.0,0.41,0.07210144927536231
276,Paso Robles Joint Unified,583,116,0.7845,0.5861999999999999,594,6,,,0.5431,,0.19897084048027444,0.010101010101010102,52.0,24.0,25.0,24.0,24.0,0.79,0.08919382504288165
277,Santa Barbara County Office of Education,26,0,,,16,0,,,,,0.0,0.0,0.0,,,,,,0.0
278,Orcutt Union Elementary,128,40,0.925,0.825,142,26,0.9615,1.0,0.825,0.9615,0.3125,0.18309859154929578,25.0,24.0,24.0,24.0,23.0,0.88,0.1953125
279,East Side Union High,6739,1589,0.7936,0.6670999999999999,6372,4701,0.6037,0.5073,0.6318,0.4673,0.2357916604837513,0.737758945386064,712.0,22.0,23.0,23.0,22.0,0.58,0.10565365781273187
280,Mountain View-Los Altos Union High,1106,348,0.9079999999999999,0.7902,1099,304,0.9934000000000001,0.9803000000000001,0.7759,0.977,0.31464737793851716,0.27661510464058237,304.0,29.0,30.0,28.0,28.0,0.91,0.27486437613019893
281,Santa Clara Unified,1154,249,0.8715,0.6948000000000001,1147,775,0.7445,0.5922999999999999,0.6827,0.5639,0.21577123050259966,0.6756756756756757,205.0,24.0,25.0,24.0,23.0,0.67,0.17764298093587522
282,West Sonoma County Union High,439,95,0.8526,0.6526000000000001,479,14,,,0.6315999999999999,,0.2164009111617312,0.029227557411273485,37.0,25.0,25.0,23.0,24.0,0.78,0.08428246013667426
283,Geyserville Unified,14,2,,,16,0,,,,,0.14285714285714285,0.0,,,,,,,
284,Piner-Olivet Union Elementary,15,1,,,16,0,,,,,0.06666666666666667,0.0,0.0,,,,,,0.0
285,Cotati-Rohnert Park Unified,540,90,0.7778,0.4889,544,7,,,0.4889,,0.16666666666666666,0.012867647058823529,61.0,24.0,25.0,23.0,23.0,0.69,0.11296296296296296
286,Denair Unified,149,31,0.7419,0.3226,122,0,,,0.2903,,0.2080536912751678,0.0,2.0,,,,,,0.013422818791946308
287,Oxnard Union High,4095,2653,0.4301,0.2488,4223,40,0.725,0.675,0.23070000000000002,0.675,0.6478632478632479,0.00947193937958797,275.0,21.0,22.0,22.0,21.0,0.53,0.06715506715506715
288,Marysville Joint Unified,641,119,0.7563,0.4118,677,12,,,0.395,,0.1856474258970359,0.01772525849335303,28.0,22.0,23.0,21.0,22.0,0.54,0.0436817472698908
289,Amador County Office of Education,31,0,,,20,0,,,,,0.0,0.0,0.0,,,,,,0.0
290,Biggs Unified,47,4,,,53,6,,,,,0.0851063829787234,0.11320754716981132,1.0,,,,,,0.02127659574468085
291,Chico Unified,1135,229,0.8690000000000001,0.7555,1114,93,0.9570000000000001,0.914,0.7073999999999999,0.9031999999999999,0.20176211453744494,0.08348294434470377,76.0,26.0,27.0,27.0,25.0,0.83,0.06696035242290749
292,Calaveras County Office of Education,65,5,,,56,2,,,,,0.07692307692307693,0.03571428571428571,0.0,,,,,,0.0
293,Calaveras Unified,212,26,0.5769,0.5385,234,52,0.7115,0.6346,0.46149999999999997,0.5769,0.12264150943396226,0.2222222222222222,18.0,23.0,23.0,23.0,23.0,0.78,0.08490566037735849
294,Colusa Unified,120,14,,,120,0,,,,,0.11666666666666667,0.0,8.0,,,,,,0.06666666666666667
295,Antioch Unified,1410,231,0.7012999999999999,0.3983,1316,37,0.8649,0.7837999999999999,0.381,0.7568,0.16382978723404254,0.02811550151975684,66.0,21.0,22.0,20.0,21.0,0.5,0.04680851063829787
296,Kingsburg Joint Union High,275,61,0.8361,0.6720999999999999,282,36,0.8889,0.75,0.6393,0.75,0.22181818181818183,0.1276595744680851,34.0,23.0,24.0,24.0,24.0,0.71,0.12363636363636364
297,Raisin City Elementary,20,0,,,59,0,,,,,0.0,0.0,0.0,,,,,,0.0
298,West Park Elementary,68,1,,,60,2,,,,,0.014705882352941176,0.03333333333333333,0.0,,,,,,0.0
299,Glenn County Office of Education,103,2,,,42,0,,,,,0.019417475728155338,0.0,0.0,,,,,,0.0
300,Princeton Joint Unified,15,7,,,9,2,,,,,0.4666666666666667,0.2222222222222222,1.0,,,,,,0.06666666666666667
301,Orland Joint Unified,192,32,0.6563,0.4375,180,16,0.8125,0.625,0.4375,0.625,0.16666666666666666,0.08888888888888889,8.0,,,,,,0.041666666666666664
302,South Bay Union Elementary,45,5,,,39,2,,,,,0.1111111111111111,0.05128205128205128,0.0,,,,,,0.0
303,Brawley Union High,456,113,0.6018,0.2212,479,15,0.8667,0.6,0.21239999999999998,0.6,0.24780701754385964,0.031315240083507306,119.0,18.0,20.0,19.0,18.0,0.29,0.26096491228070173
304,Big Pine Unified,2,2,,,8,0,,,,,1.0,0.0,,,,,,,
305,Taft Union High,259,57,0.6842,0.4035,251,44,0.6591,0.34090000000000004,0.31579999999999997,0.3182,0.22007722007722008,0.1752988047808765,51.0,18.0,20.0,18.0,18.0,0.33,0.1969111969111969
306,Kings County Office of Education,78,0,,,34,0,,,,,0.0,0.0,0.0,,,,,,0.0
307,Reef-Sunset Unified,124,44,0.47729999999999995,0.25,177,0,,,0.2273,,0.3548387096774194,0.0,78.0,15.0,16.0,16.0,16.0,0.1,0.6290322580645161
308,ABC Unified,1687,624,0.8140999999999999,0.6537999999999999,1657,229,0.9606999999999999,0.9127,0.625,0.8952,0.36988737403675165,0.13820156910078454,189.0,27.0,27.0,27.0,26.0,0.84,0.11203319502074689
309,Culver City Unified,519,200,0.81,0.54,585,37,0.973,0.9459000000000001,0.535,0.9459000000000001,0.3853564547206166,0.06324786324786325,91.0,25.0,25.0,23.0,24.0,0.75,0.17533718689788053
310,Palmdale Elementary,335,127,0.6456999999999999,0.40159999999999996,564,12,,,0.36219999999999997,,0.37910447761194027,0.02127659574468085,12.0,,,,,,0.03582089552238806
311,Santa Monica-Malibu Unified,849,564,0.7961,0.5727,891,96,0.9167000000000001,0.8332999999999999,0.5674,0.8229000000000001,0.6643109540636042,0.10774410774410774,229.0,28.0,28.0,26.0,26.0,0.83,0.2697290930506478
312,Mendocino County Office of Education,12,0,,,19,0,,,,,0.0,0.0,,,,,,,
313,Potter Valley Community Unified,21,8,,,14,0,,,,,0.38095238095238093,0.0,1.0,,,,,,0.047619047619047616
314,Mammoth Unified,82,37,0.7027,0.3784,82,5,,,0.3514,,0.45121951219512196,0.06097560975609756,10.0,,,,,,0.12195121951219512
315,South Monterey County Joint Union High,626,159,0.4403,0.1447,629,0,,,0.1384,,0.2539936102236422,0.0,116.0,16.0,17.0,16.0,16.0,0.14,0.1853035143769968
316,Napa County Office of Education,28,0,,,32,0,,,,,0.0,0.0,0.0,,,,,,0.0
317,Napa Valley Unified,1530,384,0.7734000000000001,0.5339,1488,33,1.0,0.8484999999999999,0.5104,0.8484999999999999,0.25098039215686274,0.02217741935483871,137.0,22.0,23.0,23.0,23.0,0.63,0.08954248366013072
318,Capistrano Unified,4799,1147,0.9031999999999999,0.7044,4641,566,0.9788,0.9488,0.6914,0.9399,0.23900812669306107,0.12195647489765137,1350.0,26.0,26.0,25.0,25.0,0.83,0.2813086059595749
319,Laguna Beach Unified,259,42,0.9762000000000001,0.9048,241,14,,,0.8809999999999999,,0.16216216216216217,0.058091286307053944,148.0,29.0,28.0,27.0,27.0,0.94,0.5714285714285714
320,Beaumont Unified,758,164,0.7378,0.34759999999999996,785,605,0.5587,0.2777,0.34149999999999997,0.2545,0.21635883905013192,0.7707006369426752,17.0,23.0,24.0,23.0,23.0,0.59,0.022427440633245383
321,Trona Joint Unified,21,0,,,24,0,,,,,0.0,0.0,0.0,,,,,,0.0
322,Mountain Empire Unified,369,50,0.58,0.26,333,50,0.52,0.34,0.24,0.3,0.13550135501355012,0.15015015015015015,9.0,,,,,,0.024390243902439025
323,Sweetwater Union High,7629,2413,0.7493000000000001,0.5184000000000001,6760,227,0.9470999999999999,0.8414,0.48450000000000004,0.8414,0.3162930921483812,0.033579881656804735,811.0,20.0,21.0,21.0,21.0,0.49,0.1063048892384323
324,San Francisco County Office of Education,81,0,,,81,0,,,,,0.0,0.0,0.0,,,,,,0.0
325,San Mateo County Office of Education,90,0,,,68,0,,,,,0.0,0.0,0.0,,,,,,0.0
326,San Mateo Union High,2542,932,0.9067000000000001,0.7779,2436,405,0.9826999999999999,0.9654,0.7554000000000001,0.9556,0.36664044059795436,0.16625615763546797,424.0,27.0,27.0,26.0,26.0,0.85,0.16679779701022818
327,Fremont Union High,2763,819,0.9231,0.9011,2824,1144,0.9904000000000001,0.9886,0.8767,0.9834,0.2964169381107492,0.40509915014164305,775.0,31.0,30.0,31.0,30.0,0.95,0.2804922186029678
328,Siskiyou County Office of Education,83,1,,,87,0,,,,,0.012048192771084338,0.0,0.0,,,,,,0.0
329,Dunsmuir Joint Union High,17,7,,,12,2,,,,,0.4117647058823529,0.16666666666666666,0.0,,,,,,0.0
330,Petaluma Joint Union High,812,210,0.9048,0.7,867,30,0.9333,0.8667,0.6762,0.8332999999999999,0.25862068965517243,0.03460207612456748,92.0,25.0,26.0,24.0,25.0,0.8,0.11330049261083744
331,Porterville Unified,1616,337,0.6113000000000001,0.3591,1711,76,0.75,0.5789,0.3234,0.5395,0.20853960396039603,0.04441846873173583,189.0,19.0,21.0,20.0,20.0,0.39,0.11695544554455446
332,Fillmore Unified,279,89,0.573,0.44939999999999997,304,2,,,0.382,,0.31899641577060933,0.006578947368421052,17.0,19.0,20.0,23.0,21.0,0.53,0.06093189964157706
333,Livermore Valley Joint Unified,1148,325,0.8862000000000001,0.7754000000000001,1116,131,0.9771,0.9389,0.7415,0.9312999999999999,0.28310104529616725,0.11738351254480286,173.0,25.0,26.0,26.0,25.0,0.85,0.15069686411149827
334,Buckeye Union Elementary,49,0,,,177,2,,,,,0.0,0.011299435028248588,0.0,,,,,,0.0
335,El Dorado Union High,1653,543,0.8692,0.7643000000000001,1703,169,0.9704,0.9704,0.7238,0.9586,0.32849364791288566,0.09923664122137404,364.0,25.0,25.0,25.0,25.0,0.77,0.22020568663036902
336,Sierra Unified,96,20,0.7,0.4,107,5,,,0.35,,0.20833333333333334,0.04672897196261682,9.0,,,,,,0.09375
337,Eureka City Schools,310,62,0.6452,0.4355,336,6,,,0.4194,,0.2,0.017857142857142856,13.0,,,,,,0.041935483870967745
338,Holtville Unified,130,44,0.5455,0.3636,144,1,,,0.34090000000000004,,0.3384615384615385,0.006944444444444444,9.0,,,,,,0.06923076923076923
339,Kern County Office of Education,389,19,0.7895,0.21050000000000002,430,0,,,0.21050000000000002,,0.04884318766066838,0.0,0.0,,,,,,0.0
340,Lakeport Unified,103,17,0.8234999999999999,0.4706,111,0,,,0.4118,,0.1650485436893204,0.0,2.0,,,,,,0.019417475728155338
341,Las Virgenes Unified,963,349,0.9168999999999999,0.7278,980,109,0.9817,0.9541,0.7192000000000001,0.9541,0.3624091381100727,0.11122448979591837,282.0,28.0,27.0,25.0,25.0,0.85,0.29283489096573206
342,San Marino Unified,264,126,0.9523999999999999,0.9444,275,106,0.9811,0.9906,0.9286,0.9811,0.4772727272727273,0.38545454545454544,63.0,29.0,29.0,30.0,29.0,0.92,0.23863636363636365
343,Hacienda la Puente Unified,1437,1150,0.46090000000000003,0.2974,1310,927,0.43579999999999997,0.3064,0.2635,0.2611,0.8002783576896312,0.7076335877862595,57.0,23.0,23.0,23.0,23.0,0.65,0.03966597077244259
344,Chawanakee Unified,142,44,0.6364,0.2955,162,5,,,0.2727,,0.30985915492957744,0.030864197530864196,20.0,22.0,24.0,21.0,21.0,0.6,0.14084507042253522
345,Ukiah Unified,494,98,0.8469,0.5816,485,34,0.9412,0.7940999999999999,0.5611999999999999,0.7940999999999999,0.19838056680161945,0.07010309278350516,24.0,25.0,26.0,25.0,23.0,0.83,0.048582995951417005
346,Willits Unified,138,32,0.7188,0.34380000000000005,157,1,,,0.2813,,0.2318840579710145,0.006369426751592357,6.0,,,,,,0.043478260869565216
347,Merced County Office of Education,439,4,,,217,9,,,,,0.009111617312072893,0.041474654377880185,0.0,,,,,,0.0
348,Delhi Unified,164,71,0.4366,0.2113,214,1,,,0.18309999999999998,,0.4329268292682927,0.004672897196261682,57.0,17.0,19.0,17.0,18.0,0.18,0.3475609756097561
349,Monterey Peninsula Unified,844,599,0.429,0.24710000000000001,827,7,,,0.2187,,0.7097156398104265,0.008464328899637243,42.0,22.0,23.0,22.0,21.0,0.62,0.04976303317535545
350,Temecula Valley Unified,2502,977,0.8475,0.6437999999999999,2380,202,0.9505,0.8911,0.6141,0.8861,0.3904876099120703,0.08487394957983194,548.0,23.0,24.0,23.0,23.0,0.71,0.2190247801758593
351,Murrieta Valley Unified,2120,849,0.7903,0.5548,2082,152,0.8946999999999999,0.8618000000000001,0.5312,0.8289,0.40047169811320754,0.07300672430355427,347.0,22.0,24.0,22.0,22.0,0.62,0.16367924528301886
352,Elk Grove Unified,5307,1744,0.7929999999999999,0.6342,5137,254,0.9645999999999999,0.9251999999999999,0.6026,0.9134,0.3286225739589222,0.04944520147946272,795.0,23.0,24.0,24.0,23.0,0.67,0.14980214810627474
353,Rim of the World Unified,251,55,0.7818,0.3818,226,5,,,0.3818,,0.21912350597609562,0.022123893805309734,18.0,23.0,24.0,21.0,23.0,0.72,0.07171314741035857
354,Yucaipa-Calimesa Joint Unified,735,203,0.7881999999999999,0.5911,756,65,0.9231,0.8308,0.5665,0.8154,0.2761904761904762,0.08597883597883597,34.0,22.0,24.0,23.0,22.0,0.62,0.04625850340136054
355,Carlsbad Unified,919,324,0.8981,0.7778,997,173,0.9769,0.9422,0.7562000000000001,0.9422,0.352557127312296,0.17352056168505517,221.0,26.0,27.0,26.0,26.0,0.86,0.24047878128400435
356,Yreka Union High,141,28,0.75,0.6429,153,13,,,0.5714,,0.19858156028368795,0.08496732026143791,30.0,19.0,20.0,19.0,20.0,0.43,0.2127659574468085
357,Stanislaus County Office of Education,976,4,,,191,3,,,,,0.004098360655737705,0.015706806282722512,0.0,,,,,,0.0
358,Live Oak Unified,142,52,0.7115,0.44229999999999997,151,8,,,0.44229999999999997,,0.36619718309859156,0.052980132450331126,45.0,19.0,20.0,20.0,19.0,0.4,0.31690140845070425
359,Meridian Elementary,105,2,,,128,2,,,,,0.01904761904761905,0.015625,1.0,,,,,,0.009523809523809525
360,Mountain Valley Unified,22,1,,,20,0,,,,,0.045454545454545456,0.0,0.0,,,,,,0.0
361,Washington Unified,520,184,0.6467,0.43479999999999996,654,9,,,0.4022,,0.35384615384615387,0.013761467889908258,69.0,19.0,21.0,20.0,20.0,0.42,0.1326923076923077
362,Bret Harte Union High,155,30,0.9,0.6333,158,4,,,0.6333,,0.1935483870967742,0.02531645569620253,8.0,,,,,,0.05161290322580645
363,Byron Union Elementary,77,7,,,80,4,,,,,0.09090909090909091,0.05,0.0,,,,,,0.0
364,Willows Unified,124,19,0.7368000000000001,0.5263,110,2,,,0.47369999999999995,,0.1532258064516129,0.01818181818181818,9.0,,,,,,0.07258064516129033
365,Imperial Unified,279,71,0.831,0.5775,342,3,,,0.5493,,0.25448028673835127,0.008771929824561403,41.0,22.0,23.0,23.0,23.0,0.73,0.14695340501792115
366,Konocti Unified,230,40,0.725,0.375,251,3,,,0.35,,0.17391304347826086,0.01195219123505976,17.0,21.0,22.0,19.0,19.0,0.47,0.07391304347826087
367,Centinela Valley Union High,1859,543,0.4788,0.2007,1708,3,,,0.18230000000000002,,0.29209252286175363,0.001756440281030445,233.0,17.0,19.0,18.0,18.0,0.28,0.1253362022592792
368,Keppel Union Elementary,3,0,,,9,2,,,,,0.0,0.2222222222222222,,,,,,,
369,Long Beach Unified,5944,3622,0.5297999999999999,0.315,5570,127,0.8898,0.8109999999999999,0.2949,0.8031,0.6093539703903096,0.02280071813285458,374.0,23.0,24.0,23.0,23.0,0.64,0.06292059219380888
370,San Gabriel Unified,594,226,0.8584,0.7434000000000001,549,128,0.9297,0.9531000000000001,0.6947,0.9218999999999999,0.38047138047138046,0.2331511839708561,53.0,25.0,27.0,26.0,25.0,0.83,0.08922558922558922
371,SBE - New West Charter,87,48,0.9582999999999999,0.6667000000000001,135,7,,,0.6667000000000001,,0.5517241379310345,0.05185185185185185,24.0,29.0,27.0,25.0,26.0,0.88,0.27586206896551724
372,Calistoga Joint Unified,55,14,,,63,1,,,,,0.2545454545454545,0.015873015873015872,20.0,15.0,16.0,17.0,16.0,0.1,0.36363636363636365
373,San Jacinto Unified,851,215,0.5953,0.2605,833,64,0.40630000000000005,0.2813,0.2465,0.23440000000000003,0.2526439482961222,0.07683073229291716,16.0,19.0,21.0,20.0,20.0,0.38,0.01880141010575793
374,River Delta Joint Unified,169,67,0.597,0.2836,190,40,0.475,0.275,0.25370000000000004,0.25,0.39644970414201186,0.21052631578947367,19.0,17.0,19.0,19.0,18.0,0.32,0.11242603550295859
375,Robla Elementary,20,0,,,77,0,,,,,0.0,0.0,0.0,,,,,,0.0
376,Aromas - San Juan Unified,76,12,,,89,3,,,,,0.15789473684210525,0.033707865168539325,10.0,,,,,,0.13157894736842105
377,Chino Valley Unified,2337,1635,0.6361,0.42200000000000004,2346,1974,0.6403,0.4509,0.3945,0.4174,0.699614890885751,0.8414322250639387,200.0,25.0,25.0,24.0,24.0,0.72,0.08557980316645272
378,Upland Unified,912,332,0.6958,0.4819,777,22,0.9545,0.9091,0.4669,0.9091,0.36403508771929827,0.028314028314028315,100.0,23.0,23.0,22.0,21.0,0.62,0.10964912280701754
379,Shasta Union High,1273,198,0.9192,0.8029999999999999,1285,54,0.9444,0.9074,0.7778,0.9074,0.15553809897879026,0.04202334630350195,96.0,25.0,26.0,25.0,25.0,0.86,0.07541241162608013
380,Sierra-Plumas Joint Unified,36,12,,,38,4,,,,,0.3333333333333333,0.10526315789473684,4.0,,,,,,0.1111111111111111
381,Siskiyou Union High,105,31,0.8387,0.5484,149,1,,,0.5484,,0.29523809523809524,0.006711409395973154,22.0,20.0,22.0,19.0,20.0,0.5,0.20952380952380953
382,Solano County Office of Education,147,0,,,47,0,,,,,0.0,0.0,0.0,,,,,,0.0
383,Vallejo City Unified,1032,278,0.6403,0.3237,1000,127,0.4961,0.19690000000000002,0.30219999999999997,0.1732,0.2693798449612403,0.127,103.0,18.0,19.0,18.0,19.0,0.27,0.0998062015503876
384,Modesto City Elementary,18,1,,,32,0,,,,,0.05555555555555555,0.0,1.0,,,,,,0.05555555555555555
385,Ventura Unified,1185,317,0.8801000000000001,0.7319,1329,155,0.9548000000000001,0.8323,0.7066,0.8194,0.26751054852320677,0.11662904439428141,184.0,23.0,24.0,23.0,23.0,0.64,0.15527426160337554
386,Conejo Valley Unified,1733,601,0.9118,0.7887000000000001,1768,223,0.9954999999999999,0.9731000000000001,0.7687,0.9731000000000001,0.346797461050202,0.126131221719457,380.0,26.0,27.0,26.0,26.0,0.87,0.2192729371032891
387,Santa Paula Unified,376,87,0.6207,0.4138,420,4,,,0.37929999999999997,,0.23138297872340424,0.009523809523809525,124.0,18.0,19.0,19.0,20.0,0.38,0.32978723404255317
388,Wheatland Union High,219,47,0.8298000000000001,0.4894,212,7,,,0.4681,,0.2146118721461187,0.0330188679245283,8.0,,,,,,0.0365296803652968
389,Alameda Unified,928,398,0.8342,0.7211,889,110,0.9727,0.9181999999999999,0.6984999999999999,0.9,0.42887931034482757,0.12373453318335208,103.0,26.0,26.0,25.0,25.0,0.84,0.11099137931034483
390,Black Oak Mine Unified,89,10,,,111,0,,,,,0.11235955056179775,0.0,3.0,,,,,,0.033707865168539325
391,Fresno County Office of Education,302,11,,,548,0,,,,,0.03642384105960265,0.0,0.0,,,,,,0.0
392,Fowler Unified,169,41,0.46340000000000003,0.1463,214,34,0.6765000000000001,0.3529,0.1463,0.3529,0.24260355029585798,0.1588785046728972,4.0,,,,,,0.023668639053254437
393,Golden Plains Unified,108,43,0.3256,0.11630000000000001,156,0,,,0.09300000000000001,,0.39814814814814814,0.0,5.0,,,,,,0.046296296296296294
394,Caruthers Unified,163,64,0.2813,0.17190000000000003,138,28,0.7143,0.2857,0.125,0.2143,0.39263803680981596,0.2028985507246377,14.0,,,,,,0.08588957055214724
395,Northern Humboldt Union High,408,85,0.8706,0.7176,415,31,0.9355,0.8387,0.6706,0.8387,0.20833333333333334,0.0746987951807229,32.0,24.0,26.0,24.0,24.0,0.72,0.0784313725490196
396,Mojave Unified,166,18,0.7778,0.5,164,2,,,0.44439999999999996,,0.10843373493975904,0.012195121951219513,26.0,17.0,19.0,17.0,18.0,0.31,0.1566265060240964
397,Muroc Joint Unified,102,33,0.7879,0.4545,99,6,,,0.39390000000000003,,0.3235294117647059,0.06060606060606061,5.0,,,,,,0.049019607843137254
398,Susanville Elementary,25,0,,,33,0,,,,,0.0,0.0,0.0,,,,,,0.0
399,Westwood Unified,15,0,,,15,0,,,,,0.0,0.0,1.0,,,,,,0.06666666666666667
400,Hawthorne,124,75,0.8933,0.6933,126,2,,,0.68,,0.6048387096774194,0.015873015873015872,118.0,21.0,22.0,22.0,20.0,0.54,0.9516129032258065
401,Monrovia Unified,380,141,0.7304999999999999,0.4965,477,13,,,0.4539,,0.37105263157894736,0.027253668763102725,56.0,21.0,23.0,21.0,21.0,0.61,0.14736842105263157
402,Montebello Unified,2336,726,0.6335999999999999,0.3444,2058,6,,,0.3223,,0.3107876712328767,0.0029154518950437317,236.0,18.0,19.0,18.0,19.0,0.29,0.10102739726027397
403,Pomona Unified,1978,628,0.5924,0.3057,1660,29,0.8621,0.7241,0.2787,0.7241,0.31749241658240646,0.01746987951807229,209.0,18.0,19.0,18.0,19.0,0.28,0.10566228513650151
404,Arena Union Elementary,5,1,,,8,0,,,,,0.2,0.0,,,,,,,
405,Carmel Unified,221,57,1.0,0.9298000000000001,221,13,,,0.9298000000000001,,0.2579185520361991,0.058823529411764705,107.0,27.0,27.0,25.0,25.0,0.89,0.4841628959276018
406,Salinas Union High,2783,738,0.6003000000000001,0.36310000000000003,2719,36,0.7778,0.5832999999999999,0.3306,0.5832999999999999,0.2651814588573482,0.013240161824200073,401.0,19.0,20.0,20.0,20.0,0.38,0.1440891124685591
407,Orange County Department of Education,663,64,0.7188,0.5313,1026,8,,,0.46880000000000005,,0.09653092006033183,0.007797270955165692,0.0,,,,,,0.0
408,Tustin Unified,1981,695,0.8288,0.7006999999999999,2045,251,0.988,0.988,0.6718999999999999,0.9801000000000001,0.3508329126703685,0.12273838630806846,455.0,25.0,25.0,25.0,24.0,0.71,0.22968197879858657
409,SBE - Magnolia Science Academy Santa Ana,26,13,,,27,1,,,,,0.5,0.037037037037037035,3.0,,,,,,0.11538461538461539
410,Placer County Office of Education,43,1,,,41,0,,,,,0.023255813953488372,0.0,1.0,,,,,,0.023255813953488372
411,Rocklin Unified,1247,438,0.9155,0.7785,1186,154,0.961,0.9286,0.7603,0.8896,0.351242983159583,0.12984822934232715,259.0,25.0,26.0,25.0,25.0,0.83,0.20769847634322375
412,Alvord Unified,1423,343,0.6501,0.4286,1464,1229,0.4174,0.2465,0.3994,0.2205,0.2410400562192551,0.8394808743169399,61.0,22.0,23.0,22.0,22.0,0.61,0.04286718200983837
413,Moreno Valley Unified,2333,1843,0.35810000000000003,0.1693,2415,36,0.7222,0.5556,0.15410000000000001,0.5,0.7899699957136734,0.014906832298136646,349.0,17.0,18.0,18.0,18.0,0.24,0.1495927989712816
414,Folsom-Cordova Unified,1688,406,0.9163,0.7906,1627,194,0.9845,0.9433,0.7759,0.9433,0.24052132701421802,0.11923786109403811,313.0,25.0,25.0,25.0,24.0,0.7,0.1854265402843602
415,Morongo Unified,553,104,0.7212000000000001,0.41350000000000003,594,38,0.8684000000000001,0.6842,0.3942,0.6579,0.18806509945750452,0.06397306397306397,14.0,,,,,,0.02531645569620253
416,Lucerne Valley Unified,501,44,0.6591,0.3636,955,7,,,0.3636,,0.08782435129740519,0.007329842931937173,7.0,,,,,,0.013972055888223553
417,Borrego Springs Unified,309,31,0.35479999999999995,0.1613,730,4,,,0.129,,0.10032362459546926,0.005479452054794521,0.0,,,,,,0.0
418,Manteca Unified,1929,466,0.6995999999999999,0.4077,1911,20,0.7,0.75,0.38630000000000003,0.65,0.24157594608605495,0.010465724751439037,83.0,21.0,23.0,21.0,21.0,0.57,0.04302747537584241
419,Lucia Mar Unified,838,236,0.8008,0.6186,829,42,0.9048,0.7857,0.589,0.7857,0.28162291169451076,0.05066344993968637,150.0,22.0,23.0,22.0,22.0,0.58,0.17899761336515513
420,Jefferson Elementary,137,16,0.9375,0.4375,130,2,,,0.4375,,0.11678832116788321,0.015384615384615385,13.0,,,,,,0.0948905109489051
421,South San Francisco Unified,663,211,0.763,0.5829,692,18,1.0,0.9444,0.5403,0.9444,0.31825037707390647,0.02601156069364162,19.0,20.0,22.0,21.0,21.0,0.53,0.02865761689291101
422,Los Gatos-Saratoga Union High,892,294,0.9592,0.9116,885,269,0.9851000000000001,0.9814,0.8878,0.9740000000000001,0.3295964125560538,0.303954802259887,323.0,30.0,30.0,29.0,29.0,0.94,0.36210762331838564
423,Anderson Union High,402,61,0.7376999999999999,0.5902000000000001,423,3,,,0.541,,0.1517412935323383,0.0070921985815602835,23.0,24.0,25.0,24.0,25.0,0.87,0.05721393034825871
424,Vacaville Unified,1021,355,0.8056,0.5661999999999999,1061,42,0.9048,0.7381,0.5379999999999999,0.7143,0.3476983349657199,0.03958529688972667,95.0,23.0,23.0,23.0,22.0,0.72,0.0930460333006856
425,Liberty Elementary,90,3,,,87,0,,,,,0.03333333333333333,0.0,1.0,,,,,,0.011111111111111112
426,Roseland,156,31,0.5484,0.3871,189,0,,,0.35479999999999995,,0.1987179487179487,0.0,92.0,17.0,19.0,18.0,18.0,0.27,0.5897435897435898
427,Windsor Unified,476,122,0.7623000000000001,0.6065999999999999,442,48,0.8957999999999999,0.8125,0.5738,0.7707999999999999,0.25630252100840334,0.1085972850678733,96.0,24.0,24.0,22.0,23.0,0.67,0.20168067226890757
428,Oakdale Joint Unified,426,89,0.8315,0.6629,486,12,,,0.618,,0.20892018779342722,0.024691358024691357,22.0,21.0,23.0,22.0,23.0,0.68,0.051643192488262914
429,Turlock Unified,1269,369,0.7615000000000001,0.4607,1274,40,0.95,0.8,0.4526,0.8,0.2907801418439716,0.03139717425431711,72.0,22.0,23.0,22.0,22.0,0.62,0.05673758865248227
430,Sutter County Office of Education,81,0,,,25,0,,,,,0.0,0.0,0.0,,,,,,0.0
431,Trinity Alps Unified,67,8,,,94,6,,,,,0.11940298507462686,0.06382978723404255,7.0,,,,,,0.1044776119402985
432,Tuolumne County Superintendent of Schools,25,0,,,16,0,,,,,0.0,0.0,0.0,,,,,,0.0
433,Yolo County Office of Education,54,0,,,55,0,,,,,0.0,0.0,0.0,,,,,,0.0
434,Emery Unified,57,18,0.3889,0.2778,49,0,,,0.22219999999999998,,0.3157894736842105,0.0,4.0,,,,,,0.07017543859649122
435,Williams Unified,97,29,0.4828,0.1724,102,0,,,0.1379,,0.29896907216494845,0.0,2.0,,,,,,0.020618556701030927
436,John Swett Unified,148,49,0.6939,0.449,118,47,0.8298000000000001,0.5745,0.4286,0.5745,0.3310810810810811,0.3983050847457627,12.0,,,,,,0.08108108108108109
437,Hamilton Unified,55,7,,,79,33,0.303,0.1818,,0.0909,0.12727272727272726,0.4177215189873418,4.0,,,,,,0.07272727272727272
438,Calexico Unified,816,154,0.6494,0.5584,759,5,,,0.4675,,0.18872549019607843,0.006587615283267457,29.0,21.0,22.0,23.0,21.0,0.69,0.03553921568627451
439,Kelseyville Unified,138,32,0.6875,0.2813,164,39,0.5897,0.2821,0.25,0.2821,0.2318840579710145,0.23780487804878048,2.0,,,,,,0.014492753623188406
440,Beverly Hills Unified,333,128,0.9375,0.8828,356,214,0.8879,0.715,0.8438,0.7056,0.3843843843843844,0.601123595505618,57.0,30.0,30.0,28.0,28.0,1.0,0.17117117117117117
441,Burbank Unified,1335,490,0.8837,0.7509999999999999,1360,84,0.9881,0.9286,0.7245,0.9286,0.36704119850187267,0.061764705882352944,131.0,25.0,26.0,25.0,24.0,0.82,0.09812734082397004
442,Duarte Unified,448,139,0.7698,0.3885,610,14,,,0.3741,,0.31026785714285715,0.022950819672131147,29.0,25.0,25.0,21.0,23.0,0.66,0.06473214285714286
443,Glendora Unified,612,208,0.9279000000000001,0.851,630,56,1.0,0.9643,0.8173,0.9643,0.33986928104575165,0.08888888888888889,63.0,26.0,26.0,27.0,25.0,0.87,0.10294117647058823
444,Los Angeles Unified,41110,17095,0.5578,0.34119999999999995,41476,23406,0.43189999999999995,0.2675,0.31579999999999997,0.2376,0.41583556312332765,0.564326357411515,6681.0,18.0,19.0,19.0,19.0,0.32,0.16251520311359766
445,Alhambra Unified,1805,821,0.7917000000000001,0.6979000000000001,1650,177,0.9548000000000001,0.9434999999999999,0.6431,0.9153,0.4548476454293629,0.10727272727272727,223.0,24.0,25.0,25.0,24.0,0.79,0.12354570637119114
446,Golden Valley Unified,158,59,0.6102000000000001,0.3729,138,4,,,0.35590000000000005,,0.37341772151898733,0.028985507246376812,10.0,,,,,,0.06329113924050633
447,Fort Bragg Unified,138,41,0.6829000000000001,0.3171,152,16,0.4375,0.375,0.2927,0.3125,0.2971014492753623,0.10526315789473684,34.0,19.0,21.0,20.0,20.0,0.41,0.2463768115942029
448,Soledad Unified,384,136,0.3897,0.0882,349,288,0.2882,0.09380000000000001,0.0882,0.0764,0.3541666666666667,0.8252148997134671,14.0,,,,,,0.036458333333333336
449,Huntington Beach Union High,4111,1324,0.8663,0.7545000000000001,3907,394,0.9745999999999999,0.9745999999999999,0.7281,0.9594,0.32206275845293114,0.10084463782953673,467.0,25.0,25.0,25.0,25.0,0.78,0.1135976648017514
450,Banning Unified,323,62,0.5806,0.2742,339,36,0.6944,0.3056,0.2581,0.25,0.19195046439628483,0.10619469026548672,48.0,16.0,18.0,18.0,18.0,0.25,0.14860681114551083
451,Desert Sands Unified,2328,549,0.6849,0.42619999999999997,2270,2000,0.499,0.284,0.40979999999999994,0.2645,0.23582474226804123,0.8810572687224669,127.0,21.0,23.0,21.0,21.0,0.56,0.054553264604811
452,Sacramento County Office of Education,232,0,,,328,0,,,,,0.0,0.0,0.0,,,,,,0.0
453,Fontana Unified,2962,2510,0.361,0.1805,2857,2592,0.37579999999999997,0.218,0.155,0.1929,0.8474004051316678,0.9072453622681134,307.0,19.0,19.0,19.0,19.0,0.31,0.10364618501012829
454,SBE - Olive Grove Charter - Orcutt/Santa Maria,88,1,,,66,0,,,,,0.011363636363636364,0.0,1.0,,,,,,0.011363636363636364
455,San Lorenzo Valley Unified,318,75,0.8533,0.6933,314,16,0.875,0.875,0.6533,0.8125,0.2358490566037736,0.050955414012738856,23.0,28.0,30.0,26.0,27.0,1.0,0.07232704402515723
456,Enterprise Elementary,7,0,,,24,0,,,,,0.0,0.0,,,,,,,
457,Gateway Unified,161,13,,,169,9,,,,,0.08074534161490683,0.05325443786982249,3.0,,,,,,0.018633540372670808
458,Benicia Unified,437,127,0.8268000000000001,0.7087,399,22,1.0,1.0,0.6772,1.0,0.2906178489702517,0.05513784461152882,73.0,26.0,26.0,26.0,26.0,0.84,0.16704805491990846
459,Fairfield-Suisun Unified,1512,350,0.8114,0.6029,1538,56,1.0,0.8571,0.5857,0.8571,0.23148148148148148,0.036410923276983094,80.0,23.0,24.0,22.0,22.0,0.59,0.05291005291005291
460,Modesto City High,3794,871,0.7451000000000001,0.4546,3813,68,0.9706,0.7940999999999999,0.4363,0.7940999999999999,0.22957301001581445,0.017833726724364018,390.0,20.0,22.0,21.0,21.0,0.47,0.10279388508170796
461,Marcum-Illinois Union Elementary,157,11,,,196,2,,,,,0.07006369426751592,0.01020408163265306,4.0,,,,,,0.025477707006369428
462,Los Molinos Unified,62,5,,,57,0,,,,,0.08064516129032258,0.0,54.0,16.0,18.0,17.0,17.0,0.22,0.8709677419354839
463,Farmersville Unified,179,46,0.5,0.10869999999999999,184,0,,,0.10869999999999999,,0.2569832402234637,0.0,45.0,16.0,17.0,16.0,17.0,0.09,0.25139664804469275
464,Ojai Unified,201,60,0.85,0.7667,209,18,0.9444,0.8889,0.7667,0.8889,0.29850746268656714,0.0861244019138756,21.0,25.0,27.0,24.0,25.0,0.86,0.1044776119402985
465,Moorpark Unified,538,120,0.8417,0.725,526,40,0.975,0.85,0.675,0.85,0.22304832713754646,0.07604562737642585,104.0,25.0,27.0,25.0,25.0,0.82,0.19330855018587362
466,Berkeley Unified,825,323,0.8606999999999999,0.7306999999999999,849,67,1.0,0.9851000000000001,0.7090000000000001,0.9851000000000001,0.39151515151515154,0.07891637220259129,183.0,25.0,26.0,24.0,25.0,0.72,0.22181818181818183
467,Butte County Office of Education,187,14,,,169,3,,,,,0.0748663101604278,0.01775147928994083,0.0,,,,,,0.0
468,West Contra Costa Unified,2579,1759,0.4275,0.2354,2382,32,0.875,0.7813,0.2194,0.7813,0.6820473051570376,0.01343408900083963,422.0,19.0,20.0,19.0,19.0,0.35,0.16362931368747577
469,Clovis Unified,3313,1227,0.8068000000000001,0.5925,3235,689,0.8403,0.6967,0.5664,0.672,0.3703591910654995,0.21298299845440494,417.0,24.0,26.0,25.0,25.0,0.79,0.12586779354059766
470,Firebaugh-Las Deltas Unified,162,56,0.48210000000000003,0.0536,166,1,,,0.0536,,0.345679012345679,0.006024096385542169,36.0,17.0,19.0,16.0,18.0,0.17,0.2222222222222222
471,San Pasqual Valley Unified,58,20,0.2,0.0,56,0,,,0.0,,0.3448275862068966,0.0,11.0,,,,,,0.1896551724137931
472,McFarland Unified,238,62,0.5484,0.35479999999999995,250,56,0.6071,0.25,0.3226,0.2321,0.2605042016806723,0.224,88.0,15.0,17.0,18.0,17.0,0.2,0.3697478991596639
473,Hanford Joint Union High,900,207,0.7295,0.401,930,75,0.8533,0.7333,0.3768,0.68,0.23,0.08064516129032258,35.0,21.0,22.0,23.0,21.0,0.69,0.03888888888888889
474,Covina-Valley Unified,1078,932,0.4667,0.2446,1031,17,0.8234999999999999,0.7646999999999999,0.22210000000000002,0.7059000000000001,0.8645640074211502,0.016488845780795344,26.0,21.0,23.0,21.0,21.0,0.58,0.02411873840445269
475,Wiseburn Unified,468,155,0.7613,0.4065,377,16,0.875,0.9375,0.38060000000000005,0.875,0.3311965811965812,0.042440318302387266,94.0,21.0,21.0,20.0,20.0,0.44,0.20085470085470086
476,Madera County Superintendent of Schools,140,1,,,136,0,,,,,0.007142857142857143,0.0,0.0,,,,,,0.0
477,Mariposa County Unified,135,27,0.8519,0.7406999999999999,135,16,0.9375,0.9375,0.7037,0.9375,0.2,0.11851851851851852,18.0,23.0,24.0,25.0,23.0,0.72,0.13333333333333333
478,Laytonville Unified,28,6,,,24,0,,,,,0.21428571428571427,0.0,0.0,,,,,,0.0
479,Le Grand Union High,145,36,0.4722,0.25,130,0,,,0.22219999999999998,,0.2482758620689655,0.0,8.0,,,,,,0.05517241379310345
480,Dos Palos Oro Loma Joint Unified,161,45,0.5778,0.42219999999999996,162,1,,,0.3556,,0.2795031055900621,0.006172839506172839,4.0,,,,,,0.024844720496894408
481,Mono County Office of Education,307,0,,,5,0,,,,,0.0,0.0,0.0,,,,,,0.0
482,Nevada Joint Union High,714,160,0.875,0.75,674,40,0.975,0.925,0.6938,0.925,0.22408963585434175,0.05934718100890208,50.0,26.0,27.0,26.0,26.0,0.82,0.0700280112044818
483,Anaheim Union High,5270,1438,0.7267,0.5153,5024,308,0.9708,0.9351,0.493,0.9286,0.272865275142315,0.06130573248407643,348.0,23.0,24.0,23.0,23.0,0.66,0.06603415559772297
484,Plumas Unified,154,25,0.8,0.6,161,13,,,0.6,,0.16233766233766234,0.08074534161490683,11.0,,,,,,0.07142857142857142
485,Lake Elsinore Unified,1606,462,0.7403,0.5281,1659,131,0.7709999999999999,0.6412,0.4935,0.5725,0.2876712328767123,0.07896323086196504,156.0,20.0,22.0,21.0,21.0,0.5,0.09713574097135741
486,San Benito High,765,250,0.768,0.43200000000000005,800,74,0.8108,0.7297,0.408,0.6892,0.32679738562091504,0.0925,121.0,20.0,20.0,20.0,21.0,0.45,0.15816993464052287
487,Helendale Elementary,261,40,0.825,0.35,366,8,,,0.35,,0.1532567049808429,0.02185792349726776,1.0,,,,,,0.0038314176245210726
488,Oro Grande,824,36,0.6944,0.2778,568,5,,,0.2778,,0.043689320388349516,0.008802816901408451,3.0,,,,,,0.0036407766990291263
489,San Bernardino City Unified,3590,723,0.5339,0.2503,3654,2370,0.36369999999999997,0.1869,0.22820000000000001,0.1603,0.20139275766016712,0.6486042692939245,394.0,17.0,18.0,18.0,18.0,0.25,0.10974930362116991
490,San Diego Unified,9075,3213,0.7193,0.493,8763,672,0.9717,0.9092,0.47090000000000004,0.8987999999999999,0.3540495867768595,0.0766860664156111,1733.0,22.0,23.0,22.0,22.0,0.56,0.1909641873278237
491,San Dieguito Union High,2215,675,0.9259000000000001,0.8563,2233,671,0.9925,0.9762000000000001,0.8311,0.9717,0.3047404063205418,0.30049261083743845,1001.0,28.0,28.0,27.0,27.0,0.88,0.4519187358916479
492,Warner Unified,231,13,,,163,2,,,,,0.05627705627705628,0.012269938650306749,3.0,,,,,,0.012987012987012988
493,San Luis Coastal Unified,583,190,0.8946999999999999,0.8053,613,50,0.98,0.9,0.7842,0.9,0.3259005145797599,0.08156606851549755,157.0,25.0,26.0,25.0,25.0,0.8,0.2692967409948542
494,Cabrillo Unified,290,81,0.7901,0.6049,266,13,,,0.5309,,0.2793103448275862,0.04887218045112782,63.0,25.0,26.0,24.0,24.0,0.71,0.21724137931034482
495,Gilroy Unified,922,272,0.8125,0.6029,975,44,0.9545,0.9091,0.5809000000000001,0.8864,0.2950108459869848,0.04512820512820513,91.0,22.0,24.0,23.0,22.0,0.64,0.09869848156182212
496,Fall River Joint Unified,76,8,,,86,0,,,,,0.10526315789473684,0.0,11.0,,,,,,0.14473684210526316
497,Redding Elementary,19,3,,,30,0,,,,,0.15789473684210525,0.0,0.0,,,,,,0.0
498,Dixon Unified,302,87,0.7356,0.6207,283,12,,,0.5632,,0.28807947019867547,0.04240282685512368,81.0,20.0,21.0,21.0,20.0,0.44,0.2682119205298013
499,Sonoma County Office of Education,174,0,,,60,0,,,,,0.0,0.0,0.0,,,,,,0.0
500,Santa Rosa High,2033,363,0.8733,0.6942,1852,51,0.9216,0.8626999999999999,0.6777,0.8626999999999999,0.17855386128873585,0.0275377969762419,242.0,25.0,25.0,25.0,24.0,0.79,0.11903590752582391
501,Newman-Crows Landing Unified,228,74,0.5405,0.3243,266,228,0.4474,0.2061,0.2973,0.1974,0.32456140350877194,0.8571428571428571,5.0,,,,,,0.021929824561403508
502,Tehama County Department of Education,38,0,,,30,0,,,,,0.0,0.0,0.0,,,,,,0.0
503,Trinity County Office of Education,30,0,,,26,0,,,,,0.0,0.0,0.0,,,,,,0.0
504,Cutler-Orosi Joint Unified,295,111,0.3514,0.1532,299,2,,,0.1261,,0.376271186440678,0.006688963210702341,86.0,15.0,16.0,17.0,17.0,0.1,0.29152542372881357
505,Tulare Joint Union High,1328,409,0.5819,0.3912,1388,19,0.8421,0.7895,0.33740000000000003,0.7368000000000001,0.3079819277108434,0.013688760806916427,136.0,18.0,21.0,20.0,20.0,0.42,0.10240963855421686
506,Winters Joint Unified,143,29,0.7241,0.37929999999999997,134,0,,,0.3448,,0.20279720279720279,0.0,10.0,,,,,,0.06993006993006994
507,Alameda County Office of Education,216,51,0.4118,0.25489999999999996,178,0,,,0.25489999999999996,,0.2361111111111111,0.0,0.0,,,,,,0.0
508,Selma Unified,472,137,0.5036,0.3285,521,32,0.7813,0.5938,0.2774,0.5625,0.2902542372881356,0.061420345489443376,32.0,19.0,20.0,20.0,19.0,0.44,0.06779661016949153
509,Sierra Sands Unified,360,57,0.8421,0.7193,393,40,0.9,0.725,0.6842,0.725,0.15833333333333333,0.10178117048346055,3.0,,,,,,0.008333333333333333
510,Bassett Unified,252,77,0.5195000000000001,0.31170000000000003,253,0,,,0.2987,,0.3055555555555556,0.0,7.0,,,,,,0.027777777777777776
511,Lennox,289,232,0.5517,0.3276,292,1,,,0.2888,,0.8027681660899654,0.003424657534246575,189.0,17.0,18.0,18.0,17.0,0.22,0.6539792387543253
512,Manhattan Beach Unified,691,266,0.9662000000000001,0.8759,648,96,1.0,0.9895999999999999,0.8722,0.9895999999999999,0.3849493487698987,0.14814814814814814,318.0,29.0,29.0,27.0,27.0,0.92,0.4602026049204052
513,SBE - Los Angeles College Prep Academy,41,26,0.42310000000000003,0.15380000000000002,24,0,,,0.15380000000000002,,0.6341463414634146,0.0,0.0,,,,,,0.0
514,Chowchilla Union High,267,89,0.6404000000000001,0.2921,271,49,0.7551000000000001,0.6531,0.2697,0.5918,0.3333333333333333,0.18081180811808117,2.0,,,,,,0.00749063670411985
515,Monterey County Office of Education,177,4,,,118,0,,,,,0.022598870056497175,0.0,0.0,,,,,,0.0
516,Nevada County Office of Education,628,5,,,309,2,,,,,0.007961783439490446,0.006472491909385114,0.0,,,,,,0.0
517,Elverta Joint Elementary,20,8,,,20,0,,,,,0.4,0.0,1.0,,,,,,0.05
518,Natomas Unified,1250,459,0.732,0.451,1191,809,0.5352,0.3214,0.44229999999999997,0.3016,0.3672,0.6792611251049538,126.0,22.0,23.0,21.0,22.0,0.59,0.1008
519,Needles Unified,63,12,,,71,1,,,,,0.19047619047619047,0.014084507042253521,6.0,,,,,,0.09523809523809523
520,Atascadero Unified,384,57,0.8245999999999999,0.5614,373,5,,,0.5614,,0.1484375,0.013404825737265416,34.0,23.0,24.0,23.0,23.0,0.71,0.08854166666666667
521,Templeton Unified,228,53,0.8868,0.7170000000000001,213,11,,,0.6792,,0.2324561403508772,0.051643192488262914,48.0,26.0,26.0,24.0,25.0,0.83,0.21052631578947367
522,Santa Maria Joint Union High,1993,457,0.6520999999999999,0.512,2015,23,1.0,1.0,0.43329999999999996,1.0,0.2293025589563472,0.01141439205955335,286.0,18.0,19.0,20.0,19.0,0.37,0.1435022579026593
523,Santa Barbara Unified,1631,502,0.8327,0.6853,1570,232,0.9483,0.9095,0.6594,0.8966,0.3077866339668915,0.14777070063694267,279.0,24.0,25.0,24.0,24.0,0.7,0.17106069895769466
524,SBE - Olive Grove Charter - Buellton,17,0,,,10,0,,,,,0.0,0.0,0.0,,,,,,0.0
525,SBE - Olive Grove Charter - Santa Barbara,68,2,,,37,0,,,,,0.029411764705882353,0.0,0.0,,,,,,0.0
526,Cloverdale Unified,106,18,0.8332999999999999,0.44439999999999996,111,0,,,0.44439999999999996,,0.16981132075471697,0.0,11.0,,,,,,0.10377358490566038
527,Harmony Union Elementary,55,3,,,50,0,,,,,0.05454545454545454,0.0,0.0,,,,,,0.0
528,Sonoma Valley Unified,320,112,0.7589,0.5625,333,22,0.9545,0.8636,0.4911,0.8636,0.35,0.06606606606606606,42.0,22.0,24.0,22.0,23.0,0.6,0.13125
529,Lindsay Unified,264,56,0.5714,0.2143,318,2,,,0.19640000000000002,,0.21212121212121213,0.006289308176100629,4.0,,,,,,0.015151515151515152
530,Ventura County Office of Education,334,5,,,441,0,,,,,0.014970059880239521,0.0,0.0,,,,,,0.0
531,Pleasant Valley,109,0,,,54,0,,,,,0.0,0.0,0.0,,,,,,0.0
